s2s_policy_name,ike_version,ike_policy,preshared_key,device_name,device_interface_name,protected_network_name,remote_device_name,remote_device_ip,is_dynamic_ip,remote_protected_network_name
PORT-HURON-MI,2,IKEv2_Policy_86400_GCM,vpn123,FTD3130-VPN-HA,vpn_outside,IPv4-Private-192.168.0.0-16,PORT-HURON-MI_PEER,50.218.171.126,FALSE,IPv4-Private-172.16.0.0-12
CRADLE-POINT-BOLTON-HOUSE,2,IKEv2_Policy_86400_GCM,vpn123,FTD3130-VPN-HA,vpn_outside,IPv4-Private-192.168.0.0-16,CRADLE-POINT-BOLTON-HOUSE_PEER,63.45.215.254,FALSE,IPv4-Private-172.16.0.0-12
GE,2,IKEv2_Policy_86400_GCM,vpn123,FTD3130-VPN-HA,vpn_outside,IPv4-Private-192.168.0.0-16,GE_PEER,208.51.30.230,FALSE,IPv4-Private-172.16.0.0-12
PHILLIPS,2,IKEv2_Policy_86400_GCM,vpn123,FTD3130-VPN-HA,vpn_outside,IPv4-Private-192.168.0.0-16,PHILLIPS_PEER,193.25.56.2,FALSE,IPv4-Private-172.16.0.0-12
SIEMENS-USA,2,IKEv2_Policy_86400_GCM,vpn123,FTD3130-VPN-HA,vpn_outside,IPv4-Private-192.168.0.0-16,SIEMENS-USA_PEER,206.208.5.1,FALSE,IPv4-Private-172.16.0.0-12
SELECT-MEDICAL,2,IKEv2_Policy_86400_GCM,vpn123,FTD3130-VPN-HA,vpn_outside,IPv4-Private-192.168.0.0-16,SELECT-MEDICAL_PEER,204.90.98.15,FALSE,IPv4-Private-172.16.0.0-12
QUESTDIAGNOSTICS,2,IKEv2_Policy_86400_GCM,vpn123,FTD3130-VPN-HA,vpn_outside,IPv4-Private-192.168.0.0-16,QUESTDIAGNOSTICS_PEER,216.203.80.110,FALSE,IPv4-Private-172.16.0.0-12
MAYO,2,IKEv2_Policy_86400_GCM,vpn123,FTD3130-VPN-HA,vpn_outside,IPv4-Private-192.168.0.0-16,MAYO_PEER,129.176.60.125,FALSE,IPv4-Private-172.16.0.0-12
METRO-CARDIO,2,IKEv2_Policy_86400_GCM,vpn123,FTD3130-VPN-HA,vpn_outside,IPv4-Private-192.168.0.0-16,METRO-CARDIO_PEER,169.240.105.30,FALSE,IPv4-Private-172.16.0.0-12
AKRON,2,IKEv2_Policy_86400_GCM,vpn123,FTD3130-VPN-HA,vpn_outside,IPv4-Private-192.168.0.0-16,AKRON_PEER,209.57.32.10,FALSE,IPv4-Private-172.16.0.0-12
LABCORP,2,IKEv2_Policy_86400_GCM,vpn123,FTD3130-VPN-HA,vpn_outside,IPv4-Private-192.168.0.0-16,LABCORP_PEER,12.145.88.12,FALSE,IPv4-Private-172.16.0.0-12
REVGRP,2,IKEv2_Policy_86400_GCM,vpn123,FTD3130-VPN-HA,vpn_outside,IPv4-Private-192.168.0.0-16,REVGRP_PEER,216.130.3.146,FALSE,IPv4-Private-172.16.0.0-12
UCB-2019,2,IKEv2_Policy_86400_GCM,vpn123,FTD3130-VPN-HA,vpn_outside,IPv4-Private-192.168.0.0-16,UCB-2019_PEER,167.224.102.157,FALSE,IPv4-Private-172.16.0.0-12
AMERIPATH2,2,IKEv2_Policy_86400_GCM,vpn123,FTD3130-VPN-HA,vpn_outside,IPv4-Private-192.168.0.0-16,AMERIPATH2_PEER,216.203.80.85,FALSE,IPv4-Private-172.16.0.0-12
TEAMHEALTH-ALL,2,IKEv2_Policy_86400_GCM,vpn123,FTD3130-VPN-HA,vpn_outside,IPv4-Private-192.168.0.0-16,TEAMHEALTH-ALL_PEER,208.84.216.14,FALSE,IPv4-Private-172.16.0.0-12
AIRSTRIP,2,IKEv2_Policy_86400_GCM,vpn123,FTD3130-VPN-HA,vpn_outside,IPv4-Private-192.168.0.0-16,AIRSTRIP_PEER,72.3.233.54,FALSE,IPv4-Private-172.16.0.0-12
MEDINA-FIREHOUSE,2,IKEv2_Policy_86400_GCM,vpn123,FTD3130-VPN-HA,vpn_outside,IPv4-Private-192.168.0.0-16,MEDINA-FIREHOUSE_PEER,24.239.44.56,FALSE,IPv4-Private-172.16.0.0-12
Q-SIGHT,2,IKEv2_Policy_86400_GCM,vpn123,FTD3130-VPN-HA,vpn_outside,IPv4-Private-192.168.0.0-16,Q-SIGHT_PEER,204.232.248.134,FALSE,IPv4-Private-172.16.0.0-12
MTSINAI,2,IKEv2_Policy_86400_GCM,vpn123,FTD3130-VPN-HA,vpn_outside,IPv4-Private-192.168.0.0-16,MTSINAI_PEER,38.112.100.2,FALSE,IPv4-Private-172.16.0.0-12
EMMI,2,IKEv2_Policy_86400_GCM,vpn123,FTD3130-VPN-HA,vpn_outside,IPv4-Private-192.168.0.0-16,EMMI_PEER,69.2.37.220,FALSE,IPv4-Private-172.16.0.0-12
FIRSTCREDIT,2,IKEv2_Policy_86400_GCM,vpn123,FTD3130-VPN-HA,vpn_outside,IPv4-Private-192.168.0.0-16,FIRSTCREDIT_PEER,38.94.202.46,FALSE,IPv4-Private-172.16.0.0-12
UNION-HOSPITAL,2,IKEv2_Policy_86400_GCM,vpn123,FTD3130-VPN-HA,vpn_outside,IPv4-Private-192.168.0.0-16,UNION-HOSPITAL_PEER,98.103.157.66,FALSE,IPv4-Private-172.16.0.0-12
PASSPORT,2,IKEv2_Policy_86400_GCM,vpn123,FTD3130-VPN-HA,vpn_outside,IPv4-Private-192.168.0.0-16,PASSPORT_PEER,199.96.232.11,FALSE,IPv4-Private-172.16.0.0-12
RODS,2,IKEv2_Policy_86400_GCM,vpn123,FTD3130-VPN-HA,vpn_outside,IPv4-Private-192.168.0.0-16,RODS_PEER,208.40.149.36,FALSE,IPv4-Private-172.16.0.0-12
OVAG,2,IKEv2_Policy_86400_GCM,vpn123,FTD3130-VPN-HA,vpn_outside,IPv4-Private-192.168.0.0-16,OVAG_PEER,38.108.45.251,FALSE,IPv4-Private-172.16.0.0-12
OCS-MANSFIELD,2,IKEv2_Policy_86400_GCM,vpn123,FTD3130-VPN-HA,vpn_outside,IPv4-Private-192.168.0.0-16,OCS-MANSFIELD_PEER,96.11.179.146,FALSE,IPv4-Private-172.16.0.0-12
STROKEAMBUL,2,IKEv2_Policy_86400_GCM,vpn123,FTD3130-VPN-HA,vpn_outside,IPv4-Private-192.168.0.0-16,STROKEAMBUL_PEER,107.89.16.32,FALSE,IPv4-Private-172.16.0.0-12
CERNER-APACHE,2,IKEv2_Policy_86400_GCM,vpn123,FTD3130-VPN-HA,vpn_outside,IPv4-Private-192.168.0.0-16,CERNER-APACHE_PEER,159.140.192.112,FALSE,IPv4-Private-172.16.0.0-12
GENBAND,2,IKEv2_Policy_86400_GCM,vpn123,FTD3130-VPN-HA,vpn_outside,IPv4-Private-192.168.0.0-16,GENBAND_PEER,63.149.188.70,FALSE,IPv4-Private-172.16.0.0-12
STROKEAMBUL2-R1,2,IKEv2_Policy_86400_GCM,vpn123,FTD3130-VPN-HA,vpn_outside,IPv4-Private-192.168.0.0-16,STROKEAMBUL2-R1_PEER,107.91.176.112,FALSE,IPv4-Private-172.16.0.0-12
STROKEAMBUL2-R2,2,IKEv2_Policy_86400_GCM,vpn123,FTD3130-VPN-HA,vpn_outside,IPv4-Private-192.168.0.0-16,STROKEAMBUL2-R2_PEER,107.91.176.117,FALSE,IPv4-Private-172.16.0.0-12
SCHOOL-BASED-HEALTH-VAN-2,2,IKEv2_Policy_86400_GCM,vpn123,FTD3130-VPN-HA,vpn_outside,IPv4-Private-192.168.0.0-16,SCHOOL-BASED-HEALTH-VAN-2_PEER,166.152.191.110,FALSE,IPv4-Private-172.16.0.0-12
JOSEPH-BETH,2,IKEv2_Policy_86400_GCM,vpn123,FTD3130-VPN-HA,vpn_outside,IPv4-Private-192.168.0.0-16,JOSEPH-BETH_PEER,216.68.201.170,FALSE,IPv4-Private-172.16.0.0-12
MEDBOARD,2,IKEv2_Policy_86400_GCM,vpn123,FTD3130-VPN-HA,vpn_outside,IPv4-Private-192.168.0.0-16,MEDBOARD_PEER,54.90.244.213,FALSE,IPv4-Private-172.16.0.0-12
CAPS,2,IKEv2_Policy_86400_GCM,vpn123,FTD3130-VPN-HA,vpn_outside,IPv4-Private-192.168.0.0-16,CAPS_PEER,12.40.122.45,FALSE,IPv4-Private-172.16.0.0-12
CCG,2,IKEv2_Policy_86400_GCM,vpn123,FTD3130-VPN-HA,vpn_outside,IPv4-Private-192.168.0.0-16,CCG_PEER,98.103.161.234,FALSE,IPv4-Private-172.16.0.0-12
AMERICAN-WELL,2,IKEv2_Policy_86400_GCM,vpn123,FTD3130-VPN-HA,vpn_outside,IPv4-Private-192.168.0.0-16,AMERICAN-WELL_PEER,207.211.42.132,FALSE,IPv4-Private-172.16.0.0-12
CARDIONET,2,IKEv2_Policy_86400_GCM,vpn123,FTD3130-VPN-HA,vpn_outside,IPv4-Private-192.168.0.0-16,CARDIONET_PEER,208.67.125.4,FALSE,IPv4-Private-172.16.0.0-12
LIFEPOINT,2,IKEv2_Policy_86400_GCM,vpn123,FTD3130-VPN-HA,vpn_outside,IPv4-Private-192.168.0.0-16,LIFEPOINT_PEER,63.87.232.161,FALSE,IPv4-Private-172.16.0.0-12
ASTERES,2,IKEv2_Policy_86400_GCM,vpn123,FTD3130-VPN-HA,vpn_outside,IPv4-Private-192.168.0.0-16,ASTERES_PEER,66.181.9.35,FALSE,IPv4-Private-172.16.0.0-12
ISCHEMAVIEW,2,IKEv2_Policy_86400_GCM,vpn123,FTD3130-VPN-HA,vpn_outside,IPv4-Private-192.168.0.0-16,ISCHEMAVIEW_PEER,198.61.193.222,FALSE,IPv4-Private-172.16.0.0-12
EXEMPLO,2,IKEv2_Policy_86400_GCM,vpn123,FTD3130-VPN-HA,vpn_outside,IPv4-Private-192.168.0.0-16,EXEMPLO_PEER,72.15.228.84,FALSE,IPv4-Private-172.16.0.0-12
IRYTHM,2,IKEv2_Policy_86400_GCM,vpn123,FTD3130-VPN-HA,vpn_outside,IPv4-Private-192.168.0.0-16,IRYTHM_PEER,52.202.25.183,FALSE,IPv4-Private-172.16.0.0-12
VIRACOR-IBT,2,IKEv2_Policy_86400_GCM,vpn123,FTD3130-VPN-HA,vpn_outside,IPv4-Private-192.168.0.0-16,VIRACOR-IBT_PEER,192.150.207.2,FALSE,IPv4-Private-172.16.0.0-12
EDSI,2,IKEv2_Policy_86400_GCM,vpn123,FTD3130-VPN-HA,vpn_outside,IPv4-Private-192.168.0.0-16,EDSI_PEER,173.241.229.28,FALSE,IPv4-Private-172.16.0.0-12
ROI,2,IKEv2_Policy_86400_GCM,vpn123,FTD3130-VPN-HA,vpn_outside,IPv4-Private-192.168.0.0-16,ROI_PEER,128.136.147.49,FALSE,IPv4-Private-172.16.0.0-12
IRYTHM,2,IKEv2_Policy_86400_GCM,vpn123,FTD3130-VPN-HA,vpn_outside,IPv4-Private-192.168.0.0-16,IRYTHM_PEER,34.206.16.93,FALSE,IPv4-Private-172.16.0.0-12
TETON-SPINE-RAD,2,IKEv2_Policy_86400_GCM,vpn123,FTD3130-VPN-HA,vpn_outside,IPv4-Private-192.168.0.0-16,TETON-SPINE-RAD_PEER,207.183.166.226,FALSE,IPv4-Private-172.16.0.0-12
STRATA,2,IKEv2_Policy_86400_GCM,vpn123,FTD3130-VPN-HA,vpn_outside,IPv4-Private-192.168.0.0-16,STRATA_PEER,192.65.158.4,FALSE,IPv4-Private-172.16.0.0-12
WESTON-ERAD,2,IKEv2_Policy_86400_GCM,vpn123,FTD3130-VPN-HA,vpn_outside,IPv4-Private-192.168.0.0-16,WESTON-ERAD_PEER,96.65.181.137,FALSE,IPv4-Private-172.16.0.0-12
ATHENA,2,IKEv2_Policy_86400_GCM,vpn123,FTD3130-VPN-HA,vpn_outside,IPv4-Private-192.168.0.0-16,ATHENA_PEER,208.78.140.250,FALSE,IPv4-Private-172.16.0.0-12
AGS-1,2,IKEv2_Policy_86400_GCM,vpn123,FTD3130-VPN-HA,vpn_outside,IPv4-Private-192.168.0.0-16,AGS-1_PEER,14.140.166.67,FALSE,IPv4-Private-172.16.0.0-12
AGS-2,2,IKEv2_Policy_86400_GCM,vpn123,FTD3130-VPN-HA,vpn_outside,IPv4-Private-192.168.0.0-16,AGS-2_PEER,103.117.181.19,FALSE,IPv4-Private-172.16.0.0-12
AGS-3,2,IKEv2_Policy_86400_GCM,vpn123,FTD3130-VPN-HA,vpn_outside,IPv4-Private-192.168.0.0-16,AGS-3_PEER,3.111.195.179,FALSE,IPv4-Private-172.16.0.0-12
EHEALTH-2,2,IKEv2_Policy_86400_GCM,vpn123,FTD3130-VPN-HA,vpn_outside,IPv4-Private-192.168.0.0-16,EHEALTH-2_PEER,68.70.52.12,FALSE,IPv4-Private-172.16.0.0-12
ROCHE,2,IKEv2_Policy_86400_GCM,vpn123,FTD3130-VPN-HA,vpn_outside,IPv4-Private-192.168.0.0-16,ROCHE_PEER,216.37.20.18,FALSE,IPv4-Private-172.16.0.0-12
OSCAR,2,IKEv2_Policy_86400_GCM,vpn123,FTD3130-VPN-HA,vpn_outside,IPv4-Private-192.168.0.0-16,OSCAR_PEER,52.44.118.199,FALSE,IPv4-Private-172.16.0.0-12
ARAMARK-AVON,2,IKEv2_Policy_86400_GCM,vpn123,FTD3130-VPN-HA,vpn_outside,IPv4-Private-192.168.0.0-16,ARAMARK-AVON_PEER,166.145.203.173,FALSE,IPv4-Private-172.16.0.0-12
BAYER,2,IKEv2_Policy_86400_GCM,vpn123,FTD3130-VPN-HA,vpn_outside,IPv4-Private-192.168.0.0-16,BAYER_PEER,149.234.192.80,FALSE,IPv4-Private-172.16.0.0-12
MEDQ-VPN,2,IKEv2_Policy_86400_GCM,vpn123,FTD3130-VPN-HA,vpn_outside,IPv4-Private-192.168.0.0-16,MEDQ-VPN_PEER,208.67.249.170,FALSE,IPv4-Private-172.16.0.0-12
TTEC,2,IKEv2_Policy_86400_GCM,vpn123,FTD3130-VPN-HA,vpn_outside,IPv4-Private-192.168.0.0-16,TTEC_PEER,168.215.186.43,FALSE,IPv4-Private-172.16.0.0-12
IMBIO,2,IKEv2_Policy_86400_GCM,vpn123,FTD3130-VPN-HA,vpn_outside,IPv4-Private-192.168.0.0-16,IMBIO_PEER,18.221.10.65,FALSE,IPv4-Private-172.16.0.0-12
REDOX,2,IKEv2_Policy_86400_GCM,vpn123,FTD3130-VPN-HA,vpn_outside,IPv4-Private-192.168.0.0-16,REDOX_PEER,52.205.166.91,FALSE,IPv4-Private-172.16.0.0-12
OPTUM-BOSTON,2,IKEv2_Policy_86400_GCM,vpn123,FTD3130-VPN-HA,vpn_outside,IPv4-Private-192.168.0.0-16,OPTUM-BOSTON_PEER,162.247.173.15,FALSE,IPv4-Private-172.16.0.0-12
EXCITEIT-BACKUP,2,IKEv2_Policy_86400_GCM,vpn123,FTD3130-VPN-HA,vpn_outside,IPv4-Private-192.168.0.0-16,EXCITEIT-BACKUP_PEER,96.234.159.242,FALSE,IPv4-Private-172.16.0.0-12
XSOLIS,2,IKEv2_Policy_86400_GCM,vpn123,FTD3130-VPN-HA,vpn_outside,IPv4-Private-192.168.0.0-16,XSOLIS_PEER,34.224.47.117,FALSE,IPv4-Private-172.16.0.0-12
ALPINE-UNION,2,IKEv2_Policy_86400_GCM,vpn123,FTD3130-VPN-HA,vpn_outside,IPv4-Private-192.168.0.0-16,ALPINE-UNION_PEER,74.219.42.146,FALSE,IPv4-Private-172.16.0.0-12
NEXTGEN,2,IKEv2_Policy_86400_GCM,vpn123,FTD3130-VPN-HA,vpn_outside,IPv4-Private-192.168.0.0-16,NEXTGEN_PEER,206.71.166.162,FALSE,IPv4-Private-172.16.0.0-12
WIZARD-SOFTWARE-SOLUTIONS,2,IKEv2_Policy_86400_GCM,vpn123,FTD3130-VPN-HA,vpn_outside,IPv4-Private-192.168.0.0-16,WIZARD-SOFTWARE-SOLUTIONS_PEER,64.64.194.4,FALSE,IPv4-Private-172.16.0.0-12
CLEARSENSE,2,IKEv2_Policy_86400_GCM,vpn123,FTD3130-VPN-HA,vpn_outside,IPv4-Private-192.168.0.0-16,CLEARSENSE_PEER,8.34.30.52,FALSE,IPv4-Private-172.16.0.0-12
KPMG,2,IKEv2_Policy_86400_GCM,vpn123,FTD3130-VPN-HA,vpn_outside,IPv4-Private-192.168.0.0-16,KPMG_PEER,103.110.195.10,FALSE,IPv4-Private-172.16.0.0-12
LIFEBANC,2,IKEv2_Policy_86400_GCM,vpn123,FTD3130-VPN-HA,vpn_outside,IPv4-Private-192.168.0.0-16,LIFEBANC_PEER,38.67.195.31,FALSE,IPv4-Private-172.16.0.0-12
INDIAN-RIVER,2,IKEv2_Policy_86400_GCM,vpn123,FTD3130-VPN-HA,vpn_outside,IPv4-Private-192.168.0.0-16,INDIAN-RIVER_PEER,12.152.73.126,FALSE,IPv4-Private-172.16.0.0-12
GENOVA-DIAGNOSTICS,2,IKEv2_Policy_86400_GCM,vpn123,FTD3130-VPN-HA,vpn_outside,IPv4-Private-192.168.0.0-16,GENOVA-DIAGNOSTICS_PEER,108.166.100.192,FALSE,IPv4-Private-172.16.0.0-12
ORDR,2,IKEv2_Policy_86400_GCM,vpn123,FTD3130-VPN-HA,vpn_outside,IPv4-Private-192.168.0.0-16,ORDR_PEER,12.111.82.240,FALSE,IPv4-Private-172.16.0.0-12
SIEMENS-CLIENT-OUTLOOK-EUNITY,2,IKEv2_Policy_86400_GCM,vpn123,FTD3130-VPN-HA,vpn_outside,IPv4-Private-192.168.0.0-16,SIEMENS-CLIENT-OUTLOOK-EUNITY_PEER,206.174.182.186,FALSE,IPv4-Private-172.16.0.0-12
VERGE-2,2,IKEv2_Policy_86400_GCM,vpn123,FTD3130-VPN-HA,vpn_outside,IPv4-Private-192.168.0.0-16,VERGE-2_PEER,52.73.189.115,FALSE,IPv4-Private-172.16.0.0-12
GYANT,2,IKEv2_Policy_86400_GCM,vpn123,FTD3130-VPN-HA,vpn_outside,IPv4-Private-192.168.0.0-16,GYANT_PEER,54.158.166.162,FALSE,IPv4-Private-172.16.0.0-12
WADSWORTH-AIRPORT,2,IKEv2_Policy_86400_GCM,vpn123,FTD3130-VPN-HA,vpn_outside,IPv4-Private-192.168.0.0-16,WADSWORTH-AIRPORT_PEER,67.23.144.117,FALSE,IPv4-Private-172.16.0.0-12
BURKE-AIRPORT,2,IKEv2_Policy_86400_GCM,vpn123,FTD3130-VPN-HA,vpn_outside,IPv4-Private-192.168.0.0-16,BURKE-AIRPORT_PEER,70.62.8.98,FALSE,IPv4-Private-172.16.0.0-12
ARUP,2,IKEv2_Policy_86400_GCM,vpn123,FTD3130-VPN-HA,vpn_outside,IPv4-Private-192.168.0.0-16,ARUP_PEER,192.69.2.30,FALSE,IPv4-Private-172.16.0.0-12
CRADLE-POINT-CLINICAL-TRANSPORT1,2,IKEv2_Policy_86400_GCM,vpn123,FTD3130-VPN-HA,vpn_outside,IPv4-Private-192.168.0.0-16,CRADLE-POINT-CLINICAL-TRANSPORT1_PEER,107.89.142.86,FALSE,IPv4-Private-172.16.0.0-12
HC1-2019,2,IKEv2_Policy_86400_GCM,vpn123,FTD3130-VPN-HA,vpn_outside,IPv4-Private-192.168.0.0-16,HC1-2019_PEER,3.13.196.225,FALSE,IPv4-Private-172.16.0.0-12
LAKEPOINT,2,IKEv2_Policy_86400_GCM,vpn123,FTD3130-VPN-HA,vpn_outside,IPv4-Private-192.168.0.0-16,LAKEPOINT_PEER,204.16.89.30,FALSE,IPv4-Private-172.16.0.0-12
ESO,2,IKEv2_Policy_86400_GCM,vpn123,FTD3130-VPN-HA,vpn_outside,IPv4-Private-192.168.0.0-16,ESO_PEER,40.84.50.207,FALSE,IPv4-Private-172.16.0.0-12
CLEARSENSE-2019,2,IKEv2_Policy_86400_GCM,vpn123,FTD3130-VPN-HA,vpn_outside,IPv4-Private-192.168.0.0-16,CLEARSENSE-2019_PEER,72.29.123.52,FALSE,IPv4-Private-172.16.0.0-12
INTEROPTEX,2,IKEv2_Policy_86400_GCM,vpn123,FTD3130-VPN-HA,vpn_outside,IPv4-Private-192.168.0.0-16,INTEROPTEX_PEER,100.24.212.45,FALSE,IPv4-Private-172.16.0.0-12
COLE-VISION-VAN,2,IKEv2_Policy_86400_GCM,vpn123,FTD3130-VPN-HA,vpn_outside,IPv4-Private-192.168.0.0-16,COLE-VISION-VAN_PEER,107.91.176.80,FALSE,IPv4-Private-172.16.0.0-12
MICROMD-2019,2,IKEv2_Policy_86400_GCM,vpn123,FTD3130-VPN-HA,vpn_outside,IPv4-Private-192.168.0.0-16,MICROMD-2019_PEER,206.80.100.132,FALSE,IPv4-Private-172.16.0.0-12
PHI-AIR-MEDICAL,2,IKEv2_Policy_86400_GCM,vpn123,FTD3130-VPN-HA,vpn_outside,IPv4-Private-192.168.0.0-16,PHI-AIR-MEDICAL_PEER,67.128.127.211,FALSE,IPv4-Private-172.16.0.0-12
EVICORE-QA,2,IKEv2_Policy_86400_GCM,vpn123,FTD3130-VPN-HA,vpn_outside,IPv4-Private-192.168.0.0-16,EVICORE-QA_PEER,40.70.166.144,FALSE,IPv4-Private-172.16.0.0-12
MRO,2,IKEv2_Policy_86400_GCM,vpn123,FTD3130-VPN-HA,vpn_outside,IPv4-Private-192.168.0.0-16,MRO_PEER,216.83.182.33,FALSE,IPv4-Private-172.16.0.0-12
PRESSGANEY,2,IKEv2_Policy_86400_GCM,vpn123,FTD3130-VPN-HA,vpn_outside,IPv4-Private-192.168.0.0-16,PRESSGANEY_PEER,20.186.81.180,FALSE,IPv4-Private-172.16.0.0-12
APPOINTMENTPASS-AWS-2020,2,IKEv2_Policy_86400_GCM,vpn123,FTD3130-VPN-HA,vpn_outside,IPv4-Private-192.168.0.0-16,APPOINTMENTPASS-AWS-2020_PEER,52.44.45.58,FALSE,IPv4-Private-172.16.0.0-12
VELOCITY-BNA,2,IKEv2_Policy_86400_GCM,vpn123,FTD3130-VPN-HA,vpn_outside,IPv4-Private-192.168.0.0-16,VELOCITY-BNA_PEER,144.34.65.85,FALSE,IPv4-Private-172.16.0.0-12
EPATH-LOGIC,2,IKEv2_Policy_86400_GCM,vpn123,FTD3130-VPN-HA,vpn_outside,IPv4-Private-192.168.0.0-16,EPATH-LOGIC_PEER,3.225.207.69,FALSE,IPv4-Private-172.16.0.0-12
URG,2,IKEv2_Policy_86400_GCM,vpn123,FTD3130-VPN-HA,vpn_outside,IPv4-Private-192.168.0.0-16,URG_PEER,24.104.142.126,FALSE,IPv4-Private-172.16.0.0-12
PHILIPS-SLEEP-TEST,2,IKEv2_Policy_86400_GCM,vpn123,FTD3130-VPN-HA,vpn_outside,IPv4-Private-192.168.0.0-16,PHILIPS-SLEEP-TEST_PEER,216.243.71.209,FALSE,IPv4-Private-172.16.0.0-12
PHILIPS-SLEEP-PROD,2,IKEv2_Policy_86400_GCM,vpn123,FTD3130-VPN-HA,vpn_outside,IPv4-Private-192.168.0.0-16,PHILIPS-SLEEP-PROD_PEER,54.173.224.252,FALSE,IPv4-Private-172.16.0.0-12
CRADLE-POINT-CLINICAL-UNIT2,2,IKEv2_Policy_86400_GCM,vpn123,FTD3130-VPN-HA,vpn_outside,IPv4-Private-192.168.0.0-16,CRADLE-POINT-CLINICAL-UNIT2_PEER,107.91.178.114,FALSE,IPv4-Private-172.16.0.0-12
CRADLE-POINT-CLINICAL-UNIT3,2,IKEv2_Policy_86400_GCM,vpn123,FTD3130-VPN-HA,vpn_outside,IPv4-Private-192.168.0.0-16,CRADLE-POINT-CLINICAL-UNIT3_PEER,166.165.15.198,FALSE,IPv4-Private-172.16.0.0-12
CRADLE-POINT-CLINICAL-UNIT4,2,IKEv2_Policy_86400_GCM,vpn123,FTD3130-VPN-HA,vpn_outside,IPv4-Private-192.168.0.0-16,CRADLE-POINT-CLINICAL-UNIT4_PEER,107.91.178.70,FALSE,IPv4-Private-172.16.0.0-12
CLINISYNC-2020,2,IKEv2_Policy_86400_GCM,vpn123,FTD3130-VPN-HA,vpn_outside,IPv4-Private-192.168.0.0-16,CLINISYNC-2020_PEER,209.143.81.63,FALSE,IPv4-Private-172.16.0.0-12
IAGH,2,IKEv2_Policy_86400_GCM,vpn123,FTD3130-VPN-HA,vpn_outside,IPv4-Private-192.168.0.0-16,IAGH_PEER,34.197.66.239,FALSE,IPv4-Private-172.16.0.0-12
SCHOOL-BASED-HEALTH-VAN,2,IKEv2_Policy_86400_GCM,vpn123,FTD3130-VPN-HA,vpn_outside,IPv4-Private-192.168.0.0-16,SCHOOL-BASED-HEALTH-VAN_PEER,166.152.191.187,FALSE,IPv4-Private-172.16.0.0-12
SCHOOL-BASED-HEALTH-VAN-3,2,IKEv2_Policy_86400_GCM,vpn123,FTD3130-VPN-HA,vpn_outside,IPv4-Private-192.168.0.0-16,SCHOOL-BASED-HEALTH-VAN-3_PEER,166.163.159.16,FALSE,IPv4-Private-172.16.0.0-12
EPIC-CORE-DR,2,IKEv2_Policy_86400_GCM,vpn123,FTD3130-VPN-HA,vpn_outside,IPv4-Private-192.168.0.0-16,EPIC-CORE-DR_PEER,148.51.132.130,FALSE,IPv4-Private-172.16.0.0-12
CRADLE-POINT-CLINICAL-TRANSPORT2,2,IKEv2_Policy_86400_GCM,vpn123,FTD3130-VPN-HA,vpn_outside,IPv4-Private-192.168.0.0-16,CRADLE-POINT-CLINICAL-TRANSPORT2_PEER,166.152.126.45,FALSE,IPv4-Private-172.16.0.0-12
CRADLE-POINT-CLINICAL-TRANSPORT3,2,IKEv2_Policy_86400_GCM,vpn123,FTD3130-VPN-HA,vpn_outside,IPv4-Private-192.168.0.0-16,CRADLE-POINT-CLINICAL-TRANSPORT3_PEER,107.89.142.80,FALSE,IPv4-Private-172.16.0.0-12
CRADLE-POINT-CLINICAL-TRANSPORT4,2,IKEv2_Policy_86400_GCM,vpn123,FTD3130-VPN-HA,vpn_outside,IPv4-Private-192.168.0.0-16,CRADLE-POINT-CLINICAL-TRANSPORT4_PEER,166.250.76.233,FALSE,IPv4-Private-172.16.0.0-12
ALTA-PARTNERS,2,IKEv2_Policy_86400_GCM,vpn123,FTD3130-VPN-HA,vpn_outside,IPv4-Private-192.168.0.0-16,ALTA-PARTNERS_PEER,147.0.191.26,FALSE,IPv4-Private-172.16.0.0-12
PHILIPS-HSP,2,IKEv2_Policy_86400_GCM,vpn123,FTD3130-VPN-HA,vpn_outside,IPv4-Private-192.168.0.0-16,PHILIPS-HSP_PEER,52.72.188.154,FALSE,IPv4-Private-172.16.0.0-12
ARAMARK-EUCLID-MICROMARKET,2,IKEv2_Policy_86400_GCM,vpn123,FTD3130-VPN-HA,vpn_outside,IPv4-Private-192.168.0.0-16,ARAMARK-EUCLID-MICROMARKET_PEER,63.40.206.39,FALSE,IPv4-Private-172.16.0.0-12
CS-MEDICAL,2,IKEv2_Policy_86400_GCM,vpn123,FTD3130-VPN-HA,vpn_outside,IPv4-Private-192.168.0.0-16,CS-MEDICAL_PEER,98.186.131.6,FALSE,IPv4-Private-172.16.0.0-12
RIBBON,2,IKEv2_Policy_86400_GCM,vpn123,FTD3130-VPN-HA,vpn_outside,IPv4-Private-192.168.0.0-16,RIBBON_PEER,63.149.188.44,FALSE,IPv4-Private-172.16.0.0-12
CARIS,2,IKEv2_Policy_86400_GCM,vpn123,FTD3130-VPN-HA,vpn_outside,IPv4-Private-192.168.0.0-16,CARIS_PEER,216.32.80.120,FALSE,IPv4-Private-172.16.0.0-12
CONNEXALL,2,IKEv2_Policy_86400_GCM,vpn123,FTD3130-VPN-HA,vpn_outside,IPv4-Private-192.168.0.0-16,CONNEXALL_PEER,67.215.195.200,FALSE,IPv4-Private-172.16.0.0-12
LOGIX-HEALTH,2,IKEv2_Policy_86400_GCM,vpn123,FTD3130-VPN-HA,vpn_outside,IPv4-Private-192.168.0.0-16,LOGIX-HEALTH_PEER,66.97.189.20,FALSE,IPv4-Private-172.16.0.0-12
OPEN-PM-AWS,2,IKEv2_Policy_86400_GCM,vpn123,FTD3130-VPN-HA,vpn_outside,IPv4-Private-192.168.0.0-16,OPEN-PM-AWS_PEER,3.128.137.200,FALSE,IPv4-Private-172.16.0.0-12
CRADLE-POINT-ELKO-NV,2,IKEv2_Policy_86400_GCM,vpn123,FTD3130-VPN-HA,vpn_outside,IPv4-Private-192.168.0.0-16,CRADLE-POINT-ELKO-NV_PEER,63.44.9.40,FALSE,IPv4-Private-172.16.0.0-12
ELEVATION-IMAGING,2,IKEv2_Policy_86400_GCM,vpn123,FTD3130-VPN-HA,vpn_outside,IPv4-Private-192.168.0.0-16,ELEVATION-IMAGING_PEER,66.205.223.58,FALSE,IPv4-Private-172.16.0.0-12
CARDIOPULSE2,2,IKEv2_Policy_86400_GCM,vpn123,FTD3130-VPN-HA,vpn_outside,IPv4-Private-192.168.0.0-16,CARDIOPULSE2_PEER,52.249.241.32,FALSE,IPv4-Private-172.16.0.0-12
ERIE-OBGYN,2,IKEv2_Policy_86400_GCM,vpn123,FTD3130-VPN-HA,vpn_outside,IPv4-Private-192.168.0.0-16,ERIE-OBGYN_PEER,66.211.219.10,FALSE,IPv4-Private-172.16.0.0-12
ELEVATION-IMAGING-GILLETTE-WY,2,IKEv2_Policy_86400_GCM,vpn123,FTD3130-VPN-HA,vpn_outside,IPv4-Private-192.168.0.0-16,ELEVATION-IMAGING-GILLETTE-WY_PEER,64.184.230.238,FALSE,IPv4-Private-172.16.0.0-12
OBHG-ADT-MED-RECS,2,IKEv2_Policy_86400_GCM,vpn123,FTD3130-VPN-HA,vpn_outside,IPv4-Private-192.168.0.0-16,OBHG-ADT-MED-RECS_PEER,3.228.117.141,FALSE,IPv4-Private-172.16.0.0-12
TERADATA-2022,2,IKEv2_Policy_86400_GCM,vpn123,FTD3130-VPN-HA,vpn_outside,IPv4-Private-192.168.0.0-16,TERADATA-2022_PEER,141.206.240.80,FALSE,IPv4-Private-172.16.0.0-12
ARCADIA,2,IKEv2_Policy_86400_GCM,vpn123,FTD3130-VPN-HA,vpn_outside,IPv4-Private-192.168.0.0-16,ARCADIA_PEER,52.87.103.171,FALSE,IPv4-Private-172.16.0.0-12
NUWAVE-ASHBURN,2,IKEv2_Policy_86400_GCM,vpn123,FTD3130-VPN-HA,vpn_outside,IPv4-Private-192.168.0.0-16,NUWAVE-ASHBURN_PEER,204.10.92.35,FALSE,IPv4-Private-172.16.0.0-12
NUWAVE-LV,2,IKEv2_Policy_86400_GCM,vpn123,FTD3130-VPN-HA,vpn_outside,IPv4-Private-192.168.0.0-16,NUWAVE-LV_PEER,74.119.9.35,FALSE,IPv4-Private-172.16.0.0-12
RXHEALTH,2,IKEv2_Policy_86400_GCM,vpn123,FTD3130-VPN-HA,vpn_outside,IPv4-Private-192.168.0.0-16,RXHEALTH_PEER,40.121.130.88,FALSE,IPv4-Private-172.16.0.0-12
WESTON-HIE,2,IKEv2_Policy_86400_GCM,vpn123,FTD3130-VPN-HA,vpn_outside,IPv4-Private-192.168.0.0-16,WESTON-HIE_PEER,34.206.5.29,FALSE,IPv4-Private-172.16.0.0-12
MDSTAFF-TO-EPIC,2,IKEv2_Policy_86400_GCM,vpn123,FTD3130-VPN-HA,vpn_outside,IPv4-Private-192.168.0.0-16,MDSTAFF-TO-EPIC_PEER,198.17.160.2,FALSE,IPv4-Private-172.16.0.0-12
SOUND-PHYSICIANS-2022,2,IKEv2_Policy_86400_GCM,vpn123,FTD3130-VPN-HA,vpn_outside,IPv4-Private-192.168.0.0-16,SOUND-PHYSICIANS-2022_PEER,4.79.107.187,FALSE,IPv4-Private-172.16.0.0-12
STUART-CARDIOLOGY-2022,2,IKEv2_Policy_86400_GCM,vpn123,FTD3130-VPN-HA,vpn_outside,IPv4-Private-192.168.0.0-16,STUART-CARDIOLOGY-2022_PEER,70.63.141.5,FALSE,IPv4-Private-172.16.0.0-12
UNION-MASSILLON-CARDIOLOGY,2,IKEv2_Policy_86400_GCM,vpn123,FTD3130-VPN-HA,vpn_outside,IPv4-Private-192.168.0.0-16,UNION-MASSILLON-CARDIOLOGY_PEER,199.26.244.52,FALSE,IPv4-Private-172.16.0.0-12
RAMSOFT,2,IKEv2_Policy_86400_GCM,vpn123,FTD3130-VPN-HA,vpn_outside,IPv4-Private-192.168.0.0-16,RAMSOFT_PEER,20.114.205.136,FALSE,IPv4-Private-172.16.0.0-12
ZOTEC-VPN,2,IKEv2_Policy_86400_GCM,vpn123,FTD3130-VPN-HA,vpn_outside,IPv4-Private-192.168.0.0-16,ZOTEC-VPN_PEER,13.59.222.132,FALSE,IPv4-Private-172.16.0.0-12
IMAGELINK-MONROE,2,IKEv2_Policy_86400_GCM,vpn123,FTD3130-VPN-HA,vpn_outside,IPv4-Private-192.168.0.0-16,IMAGELINK-MONROE_PEER,198.37.30.31,FALSE,IPv4-Private-172.16.0.0-12
LCMC-NEW-ORLEANS-VPN,2,IKEv2_Policy_86400_GCM,vpn123,FTD3130-VPN-HA,vpn_outside,IPv4-Private-192.168.0.0-16,LCMC-NEW-ORLEANS-VPN_PEER,69.85.212.100,FALSE,IPv4-Private-172.16.0.0-12
ALADDINS-VPN,2,IKEv2_Policy_86400_GCM,vpn123,FTD3130-VPN-HA,vpn_outside,IPv4-Private-192.168.0.0-16,ALADDINS-VPN_PEER,23.120.182.145,FALSE,IPv4-Private-172.16.0.0-12
LAITEK,2,IKEv2_Policy_86400_GCM,vpn123,FTD3130-VPN-HA,vpn_outside,IPv4-Private-192.168.0.0-16,LAITEK_PEER,192.243.220.206,FALSE,IPv4-Private-172.16.0.0-12
CENTAURI-VPN-2022,2,IKEv2_Policy_86400_GCM,vpn123,FTD3130-VPN-HA,vpn_outside,IPv4-Private-192.168.0.0-16,CENTAURI-VPN-2022_PEER,67.216.170.132,FALSE,IPv4-Private-172.16.0.0-12
MEDICALLY-HOME,2,IKEv2_Policy_86400_GCM,vpn123,FTD3130-VPN-HA,vpn_outside,IPv4-Private-192.168.0.0-16,MEDICALLY-HOME_PEER,35.227.25.15,FALSE,IPv4-Private-172.16.0.0-12
INGENIOUS-MED-VPN,2,IKEv2_Policy_86400_GCM,vpn123,FTD3130-VPN-HA,vpn_outside,IPv4-Private-192.168.0.0-16,INGENIOUS-MED-VPN_PEER,207.54.131.49,FALSE,IPv4-Private-172.16.0.0-12
ECLINICWORKS-VPN,2,IKEv2_Policy_86400_GCM,vpn123,FTD3130-VPN-HA,vpn_outside,IPv4-Private-192.168.0.0-16,ECLINICWORKS-VPN_PEER,20.98.168.10,FALSE,IPv4-Private-172.16.0.0-12
APS-VPN,2,IKEv2_Policy_86400_GCM,vpn123,FTD3130-VPN-HA,vpn_outside,IPv4-Private-192.168.0.0-16,APS-VPN_PEER,24.52.121.5,FALSE,IPv4-Private-172.16.0.0-12
HDAI,2,IKEv2_Policy_86400_GCM,vpn123,FTD3130-VPN-HA,vpn_outside,IPv4-Private-192.168.0.0-16,HDAI_PEER,69.147.161.68,FALSE,IPv4-Private-172.16.0.0-12
SOLARITY,2,IKEv2_Policy_86400_GCM,vpn123,FTD3130-VPN-HA,vpn_outside,IPv4-Private-192.168.0.0-16,SOLARITY_PEER,66.119.23.169,FALSE,IPv4-Private-172.16.0.0-12
FINVI,2,IKEv2_Policy_86400_GCM,vpn123,FTD3130-VPN-HA,vpn_outside,IPv4-Private-192.168.0.0-16,FINVI_PEER,18.204.59.110,FALSE,IPv4-Private-172.16.0.0-12
TRIDENT-CARE,2,IKEv2_Policy_86400_GCM,vpn123,FTD3130-VPN-HA,vpn_outside,IPv4-Private-192.168.0.0-16,TRIDENT-CARE_PEER,208.82.200.50,FALSE,IPv4-Private-172.16.0.0-12
TECHM,2,IKEv2_Policy_86400_GCM,vpn123,FTD3130-VPN-HA,vpn_outside,IPv4-Private-192.168.0.0-16,TECHM_PEER,119.151.16.96,FALSE,IPv4-Private-172.16.0.0-12
HURON-VPN-2023,2,IKEv2_Policy_86400_GCM,vpn123,FTD3130-VPN-HA,vpn_outside,IPv4-Private-192.168.0.0-16,HURON-VPN-2023_PEER,72.10.184.4,FALSE,IPv4-Private-172.16.0.0-12
POINT-CLICK-CARE-VPN,2,IKEv2_Policy_86400_GCM,vpn123,FTD3130-VPN-HA,vpn_outside,IPv4-Private-192.168.0.0-16,POINT-CLICK-CARE-VPN_PEER,67.216.238.1,FALSE,IPv4-Private-172.16.0.0-12
BAYESIAN-PROD,2,IKEv2_Policy_86400_GCM,vpn123,FTD3130-VPN-HA,vpn_outside,IPv4-Private-192.168.0.0-16,BAYESIAN-PROD_PEER,18.220.221.242,FALSE,IPv4-Private-172.16.0.0-12
BAYESIAN-TEST,2,IKEv2_Policy_86400_GCM,vpn123,FTD3130-VPN-HA,vpn_outside,IPv4-Private-192.168.0.0-16,BAYESIAN-TEST_PEER,18.188.71.207,FALSE,IPv4-Private-172.16.0.0-12
OPTUM-VPN-AKRON,2,IKEv2_Policy_86400_GCM,vpn123,FTD3130-VPN-HA,vpn_outside,IPv4-Private-192.168.0.0-16,OPTUM-VPN-AKRON_PEER,40.76.147.19,FALSE,IPv4-Private-172.16.0.0-12
CIENA-2023-VPN,2,IKEv2_Policy_86400_GCM,vpn123,FTD3130-VPN-HA,vpn_outside,IPv4-Private-192.168.0.0-16,CIENA-2023-VPN_PEER,20.110.74.39,FALSE,IPv4-Private-172.16.0.0-12
CAREPORT-WELLSKY,2,IKEv2_Policy_86400_GCM,vpn123,FTD3130-VPN-HA,vpn_outside,IPv4-Private-192.168.0.0-16,CAREPORT-WELLSKY_PEER,192.31.125.3,FALSE,IPv4-Private-172.16.0.0-12
BAMBOO-HEALTH,2,IKEv2_Policy_86400_GCM,vpn123,FTD3130-VPN-HA,vpn_outside,IPv4-Private-192.168.0.0-16,BAMBOO-HEALTH_PEER,35.168.166.143,FALSE,IPv4-Private-172.16.0.0-12
EASTERNUTAH,2,IKEv2_Policy_86400_GCM,vpn123,FTD3130-VPN-HA,vpn_outside,IPv4-Private-192.168.0.0-16,EASTERNUTAH_PEER,68.66.131.86,FALSE,IPv4-Private-172.16.0.0-12
STRYKER-VPN,2,IKEv2_Policy_86400_GCM,vpn123,FTD3130-VPN-HA,vpn_outside,IPv4-Private-192.168.0.0-16,STRYKER-VPN_PEER,3.143.136.121,FALSE,IPv4-Private-172.16.0.0-12
MEDUIT,2,IKEv2_Policy_86400_GCM,vpn123,FTD3130-VPN-HA,vpn_outside,IPv4-Private-192.168.0.0-16,MEDUIT_PEER,209.43.71.194,FALSE,IPv4-Private-172.16.0.0-12
CCAD-VPN,2,IKEv2_Policy_86400_GCM,vpn123,FTD3130-VPN-HA,vpn_outside,IPv4-Private-192.168.0.0-16,CCAD-VPN_PEER,5.152.248.14,FALSE,IPv4-Private-172.16.0.0-12
ATLAS-3,2,IKEv2_Policy_86400_GCM,vpn123,FTD3130-VPN-HA,vpn_outside,IPv4-Private-192.168.0.0-16,ATLAS-3_PEER,52.89.79.187,FALSE,IPv4-Private-172.16.0.0-12
INTRADIEM-AWS-PROD,2,IKEv2_Policy_86400_GCM,vpn123,FTD3130-VPN-HA,vpn_outside,IPv4-Private-192.168.0.0-16,INTRADIEM-AWS-PROD_PEER,3.134.41.177,FALSE,IPv4-Private-172.16.0.0-12
INTRADIEM-AWS-NON-PROD,2,IKEv2_Policy_86400_GCM,vpn123,FTD3130-VPN-HA,vpn_outside,IPv4-Private-192.168.0.0-16,INTRADIEM-AWS-NON-PROD_PEER,3.12.173.71,FALSE,IPv4-Private-172.16.0.0-12
NORTH-SHORE-GASTRO,2,IKEv2_Policy_86400_GCM,vpn123,FTD3130-VPN-HA,vpn_outside,IPv4-Private-192.168.0.0-16,NORTH-SHORE-GASTRO_PEER,64.225.229.2,FALSE,IPv4-Private-172.16.0.0-12
MURJ,2,IKEv2_Policy_86400_GCM,vpn123,FTD3130-VPN-HA,vpn_outside,IPv4-Private-192.168.0.0-16,MURJ_PEER,52.26.26.195,FALSE,IPv4-Private-172.16.0.0-12
DYANIA,2,IKEv2_Policy_86400_GCM,vpn123,FTD3130-VPN-HA,vpn_outside,IPv4-Private-192.168.0.0-16,DYANIA_PEER,34.162.230.114,FALSE,IPv4-Private-172.16.0.0-12
VYNE,2,IKEv2_Policy_86400_GCM,vpn123,FTD3130-VPN-HA,vpn_outside,IPv4-Private-192.168.0.0-16,VYNE_PEER,4.21.27.226,FALSE,IPv4-Private-172.16.0.0-12
PHILIPS-BIOTEL,2,IKEv2_Policy_86400_GCM,vpn123,FTD3130-VPN-HA,vpn_outside,IPv4-Private-192.168.0.0-16,PHILIPS-BIOTEL_PEER,3.220.251.49,FALSE,IPv4-Private-172.16.0.0-12
PARRISH,2,IKEv2_Policy_86400_GCM,vpn123,FTD3130-VPN-HA,vpn_outside,IPv4-Private-192.168.0.0-16,PARRISH_PEER,75.112.156.111,FALSE,IPv4-Private-172.16.0.0-12
READYSET,2,IKEv2_Policy_86400_GCM,vpn123,FTD3130-VPN-HA,vpn_outside,IPv4-Private-192.168.0.0-16,READYSET_PEER,23.21.96.91,FALSE,IPv4-Private-172.16.0.0-12
STERIS,2,IKEv2_Policy_86400_GCM,vpn123,FTD3130-VPN-HA,vpn_outside,IPv4-Private-192.168.0.0-16,STERIS_PEER,71.6.8.215,FALSE,IPv4-Private-172.16.0.0-12
DDC-PEDS-CARDIO-MIDDLEFIELD,2,IKEv2_Policy_86400_GCM,vpn123,FTD3130-VPN-HA,vpn_outside,IPv4-Private-192.168.0.0-16,DDC-PEDS-CARDIO-MIDDLEFIELD_PEER,40.135.181.62,FALSE,IPv4-Private-172.16.0.0-12
STUART-CARDIOLOGY-AWS,2,IKEv2_Policy_86400_GCM,vpn123,FTD3130-VPN-HA,vpn_outside,IPv4-Private-192.168.0.0-16,STUART-CARDIOLOGY-AWS_PEER,54.80.185.149,FALSE,IPv4-Private-172.16.0.0-12
ARCADIA_2024,2,IKEv2_Policy_86400_GCM,vpn123,FTD3130-VPN-HA,vpn_outside,IPv4-Private-192.168.0.0-16,ARCADIA_2024_PEER,44.217.44.209,FALSE,IPv4-Private-172.16.0.0-12
CRYSTAL-CLINIC,2,IKEv2_Policy_86400_GCM,vpn123,FTD3130-VPN-HA,vpn_outside,IPv4-Private-192.168.0.0-16,CRYSTAL-CLINIC_PEER,8.42.147.130,FALSE,IPv4-Private-172.16.0.0-12
SOLVENTUM-3M,2,IKEv2_Policy_86400_GCM,vpn123,FTD3130-VPN-HA,vpn_outside,IPv4-Private-192.168.0.0-16,SOLVENTUM-3M_PEER,44.215.101.141,FALSE,IPv4-Private-172.16.0.0-12
WOUND-VISION,2,IKEv2_Policy_86400_GCM,vpn123,FTD3130-VPN-HA,vpn_outside,IPv4-Private-192.168.0.0-16,WOUND-VISION_PEER,52.162.216.11,FALSE,IPv4-Private-172.16.0.0-12
E-RAD-CONCORD-IMAGING,2,IKEv2_Policy_86400_GCM,vpn123,FTD3130-VPN-HA,vpn_outside,IPv4-Private-192.168.0.0-16,E-RAD-CONCORD-IMAGING_PEER,162.155.152.178,FALSE,IPv4-Private-172.16.0.0-12
SECURE-ASSESS-TEST,2,IKEv2_Policy_86400_GCM,vpn123,FTD3130-VPN-HA,vpn_outside,IPv4-Private-192.168.0.0-16,SECURE-ASSESS-TEST_PEER,44.217.195.188,FALSE,IPv4-Private-172.16.0.0-12
RHYME-TEST,2,IKEv2_Policy_86400_GCM,vpn123,FTD3130-VPN-HA,vpn_outside,IPv4-Private-192.168.0.0-16,RHYME-TEST_PEER,54.237.42.32,FALSE,IPv4-Private-172.16.0.0-12
RHYME-VPN-PROD,2,IKEv2_Policy_86400_GCM,vpn123,FTD3130-VPN-HA,vpn_outside,IPv4-Private-192.168.0.0-16,RHYME-VPN-PROD_PEER,34.196.0.212,FALSE,IPv4-Private-172.16.0.0-12
E-RAD-BELDIN-IMAGING,2,IKEv2_Policy_86400_GCM,vpn123,FTD3130-VPN-HA,vpn_outside,IPv4-Private-192.168.0.0-16,E-RAD-BELDIN-IMAGING_PEER,74.218.137.214,FALSE,IPv4-Private-172.16.0.0-12
EHEALTHTECH,2,IKEv2_Policy_86400_GCM,vpn123,FTD3130-VPN-HA,vpn_outside,IPv4-Private-192.168.0.0-16,EHEALTHTECH_PEER,137.116.126.54,FALSE,IPv4-Private-172.16.0.0-12
