NAME,DESCRIPTION,TYPE,VALUE,LOOKUP
ALTA-PARTNERS-REMOTE-10.14.15.15,ALTA-PARTNERS,host,10.14.15.15,ipv4
CCAD-REMOTE-10.160.8.152,CCAD,host,10.160.8.152,ipv4
CCAD-REMOTE-10.160.8.72,CCAD,host,10.160.8.72,ipv4
CCAD-REMOTE-10.160.9.35,CCAD,host,10.160.9.35,ipv4
CCAD-REMOTE-10.162.14.18,CCAD,host,10.162.14.18,ipv4
CCAD-REMOTE-10.162.17.20,CCAD,host,10.162.17.20,ipv4
CCAD-REMOTE-10.162.17.21,CCAD,host,10.162.17.21,ipv4
CCAD-REMOTE-10.162.17.22,CCAD,host,10.162.17.22,ipv4
CCAD-REMOTE-10.162.17.23,CCAD,host,10.162.17.23,ipv4
CCAD-REMOTE-10.162.17.53,CCAD,host,10.162.17.53,ipv4
UNION-MASSILLON-CARDIOLOGY-REMOTE-10.176.54.54,UNION-MASSILLON-CARDIOLOGY,host,10.176.54.54,ipv4
UNION-MASSILLON-CARDIOLOGY-REMOTE-10.177.28.228,UNION-MASSILLON-CARDIOLOGY,host,10.177.28.228,ipv4
AGFA-TEST-REMOTE-10.88.230.64,AGFA-TEST,host,10.88.230.64,ipv4
LAKEWEST-REMOTE-10.91.17.11,LAKEWEST,host,10.91.17.11,ipv4
LAKEWEST-REMOTE-10.91.17.12,LAKEWEST,host,10.91.17.12,ipv4
LAKEWEST-REMOTE-10.91.17.15,LAKEWEST,host,10.91.17.15,ipv4
LAKEWEST-REMOTE-10.91.17.16,LAKEWEST,host,10.91.17.16,ipv4
LAKEWEST-REMOTE-10.91.17.18,LAKEWEST,host,10.91.17.18,ipv4
LAKEWEST-REMOTE-10.91.17.19,LAKEWEST,host,10.91.17.19,ipv4
KPMG-REMOTE-103.110.195.15,KPMG,host,103.110.195.15,ipv4
KPMG-BANGALORE-REMOTE-103.58.118.72,KPMG-BANGALORE,host,103.58.118.72,ipv4
CERNER-RHAPSODY-REMOTE-104.170.208.228,CERNER-RHAPSODY,host,104.170.208.228,ipv4
CERNER-RHAPSODY-REMOTE-104.170.208.229,CERNER-RHAPSODY,host,104.170.208.229,ipv4
CERNER-RHAPSODY-REMOTE-104.170.208.230,CERNER-RHAPSODY,host,104.170.208.230,ipv4
CERNER-RHAPSODY-REMOTE-104.170.208.231,CERNER-RHAPSODY,host,104.170.208.231,ipv4
CERNER-RHAPSODY-REMOTE-104.170.208.51,CERNER-RHAPSODY,host,104.170.208.51,ipv4
CERNER-RHAPSODY-REMOTE-104.170.208.52,CERNER-RHAPSODY,host,104.170.208.52,ipv4
CERNER-RHAPSODY-REMOTE-104.170.208.53,CERNER-RHAPSODY,host,104.170.208.53,ipv4
CERNER-APACHE-REMOTE-104.170.225.208,CERNER-APACHE,host,104.170.225.208,ipv4
CERNER-APACHE-REMOTE-104.170.88.162,CERNER-APACHE,host,104.170.88.162,ipv4
XSOLIS-ACL-REMOTE-106.66.15.70,XSOLIS-ACL,host,106.66.15.70,ipv4
INTEROPTEX-REMOTE-106.66.31.206,INTEROPTEX,host,106.66.31.206,ipv4
VOICETECH-REMOTE-108.33.151.18,VOICETECH,host,108.33.151.18,ipv4
HDAI-REMOTE-11.10.2.1,HDAI,host,11.10.2.1,ipv4
HDAI-REMOTE-11.10.2.2,HDAI,host,11.10.2.2,ipv4
AGS-1-REMOTE-111.93.230.164,AGS-1,host,111.93.230.164,ipv4
INFINX3-PRIMARY-REMOTE-115.114.129.6,INFINX3-PRIMARY,host,115.114.129.6,ipv4
INFINX2-SECONDARY-REMOTE-118.185.52.147,INFINX2-SECONDARY,host,118.185.52.147,ipv4
TECHM-REMOTE-119.151.20.221,TECHM,host,119.151.20.221,ipv4
NAVIGANT-REMOTE-12.130.206.89,NAVIGANT,host,12.130.206.89,ipv4
TELETRACK-REMOTE-12.147.193.76,TELETRACK,host,12.147.193.76,ipv4
CAPS-PROD-REMOTE-12.40.117.148,CAPS-PROD,host,12.40.117.148,ipv4
CAPS-REMOTE-12.40.117.149,CAPS,host,12.40.117.149,ipv4
INFINX2-PRIMARY-REMOTE-121.244.32.65,INFINX2-PRIMARY,host,121.244.32.65,ipv4
UASI-REMOTE-128.136.100.229,UASI,host,128.136.100.229,ipv4
EHEALTHTECH-REMOTE-13.92.235.124,EHEALTHTECH,host,13.92.235.124,ipv4
AGFA-TEST-REMOTE-134.54.120.11,AGFA-TEST,host,134.54.120.11,ipv4
KPMG-REMOTE-135.234.213.228,KPMG,host,135.234.213.228,ipv4
VELOCITY-REMOTE-137.66.253.109,VELOCITY,host,137.66.253.109,ipv4
TELCOR-ACL-REMOTE-139.137.241.249,TELCOR-ACL,host,139.137.241.249,ipv4
TELCOR-ACL-REMOTE-139.137.241.250,TELCOR-ACL,host,139.137.241.250,ipv4
INFINX-REMOTE-14.141.146.65,INFINX,host,14.141.146.65,ipv4
TERADATA-2022-REMOTE-141.206.240.240,TERADATA-2022,host,141.206.240.240,ipv4
MTSINAI-REMOTE-142.223.103.11,MTSINAI,host,142.223.103.11,ipv4
ROCHE2-REMOTE-145.245.16.20,ROCHE2,host,145.245.16.20,ipv4
AIRSTRIP-REMOTE-146.20.127.78,AIRSTRIP,host,146.20.127.78,ipv4
RSOURCE-REMOTE-146.20.138.41,RSOURCE,host,146.20.138.41,ipv4
IBM-REMOTE-146.89.39.163,IBM,host,146.89.39.163,ipv4
IBM-REMOTE-146.89.39.164,IBM,host,146.89.39.164,ipv4
IBM-REMOTE-146.89.39.172,IBM,host,146.89.39.172,ipv4
EPIC-CORE-DR-REMOTE-155.212.30.144,EPIC-CORE-DR,host,155.212.30.144,ipv4
EPIC-CORE-REMOTE-155.212.30.176,EPIC-CORE,host,155.212.30.176,ipv4
TFS-ATHENA-REMOTE-156.30.32.10,TFS-ATHENA,host,156.30.32.10,ipv4
CERNER-APACHE-ACL-REMOTE-159.140.200.144,CERNER-APACHE-ACL,host,159.140.200.144,ipv4
CERNER-APACHE-ACL-REMOTE-159.140.200.145,CERNER-APACHE-ACL,host,159.140.200.145,ipv4
CERNER-APACHE-ACL-REMOTE-159.140.200.202,CERNER-APACHE-ACL,host,159.140.200.202,ipv4
CERNER-APACHE-ACL-REMOTE-159.140.200.204,CERNER-APACHE-ACL,host,159.140.200.204,ipv4
CERNER-APACHE-ACL-REMOTE-159.140.200.206,CERNER-APACHE-ACL,host,159.140.200.206,ipv4
CERNER-APACHE-ACL-REMOTE-159.140.236.152,CERNER-APACHE-ACL,host,159.140.236.152,ipv4
CERNER-APACHE-ACL-REMOTE-159.140.236.154,CERNER-APACHE-ACL,host,159.140.236.154,ipv4
CERNER-APACHE-ACL-REMOTE-159.140.236.156,CERNER-APACHE-ACL,host,159.140.236.156,ipv4
CERNER-APACHE-ACL-REMOTE-159.140.236.158,CERNER-APACHE-ACL,host,159.140.236.158,ipv4
CERNER-APACHE-ACL-REMOTE-159.140.236.160,CERNER-APACHE-ACL,host,159.140.236.160,ipv4
DATAGATE-PROD-CERNER-REMOTE-159.140.98.79,DATAGATE-PROD-CERNER,host,159.140.98.79,ipv4
DATAGATE-PROD-CERNER-REMOTE-159.140.98.80,DATAGATE-PROD-CERNER,host,159.140.98.80,ipv4
DATAGATE-TEST-CERNER-REMOTE-159.140.98.84,DATAGATE-TEST-CERNER,host,159.140.98.84,ipv4
GENOVA-DIAGNOSTICS-REMOTE-161.47.56.192,GENOVA-DIAGNOSTICS,host,161.47.56.192,ipv4
GENOVA-DIAGNOSTICS-REMOTE-161.47.56.193,GENOVA-DIAGNOSTICS,host,161.47.56.193,ipv4
GENOVA-DIAGNOSTICS-REMOTE-161.47.56.194,GENOVA-DIAGNOSTICS,host,161.47.56.194,ipv4
ROCHE2-REMOTE-162.132.169.117,ROCHE2,host,162.132.169.117,ipv4
ROCHE2-REMOTE-162.132.169.119,ROCHE2,host,162.132.169.119,ipv4
DATAGATE-PROD-SMART-CHOICE-ACL-REMOTE-162.211.3.13,DATAGATE-PROD-SMART-CHOICE-ACL,host,162.211.3.13,ipv4
EHEALTH-2-REMOTE-162.223.205.199,EHEALTH-2,host,162.223.205.199,ipv4
EHEALTH-2-REMOTE-162.223.205.200,EHEALTH-2,host,162.223.205.200,ipv4
EHEALTH-2-REMOTE-162.223.205.231,EHEALTH-2,host,162.223.205.231,ipv4
EHEALTH-2-REMOTE-162.223.205.232,EHEALTH-2,host,162.223.205.232,ipv4
DATAGATE-PROD-HI-IQ-REMOTE-162.242.187.46,DATAGATE-PROD-HI-IQ,host,162.242.187.46,ipv4
EPIC-CORE-TEST-REMOTE-162.252.178.243,EPIC-CORE-TEST,host,162.252.178.243,ipv4
CORECAP-REMOTE-162.252.178.244,CORECAP,host,162.252.178.244,ipv4
SENTRA-REMOTE-163.230.0.37,SENTRA,host,163.230.0.37,ipv4
SENTRA-REMOTE-163.230.0.38,SENTRA,host,163.230.0.38,ipv4
SENTRA-REMOTE-163.230.0.39,SENTRA,host,163.230.0.39,ipv4
SENTRA-REMOTE-163.230.127.222,SENTRA,host,163.230.127.222,ipv4
SENTRA-REMOTE-163.230.127.236,SENTRA,host,163.230.127.236,ipv4
SENTRA-REMOTE-163.230.150.140,SENTRA,host,163.230.150.140,ipv4
SENTRA-REMOTE-163.230.183.181,SENTRA,host,163.230.183.181,ipv4
SENTRA-REMOTE-163.230.19.212,SENTRA,host,163.230.19.212,ipv4
SENTRA-REMOTE-163.230.19.213,SENTRA,host,163.230.19.213,ipv4
SENTRA-REMOTE-163.230.31.72,SENTRA,host,163.230.31.72,ipv4
SENTRA-REMOTE-163.230.57.30,SENTRA,host,163.230.57.30,ipv4
SENTRA-REMOTE-163.230.57.31,SENTRA,host,163.230.57.31,ipv4
SENTRA-REMOTE-163.230.57.32,SENTRA,host,163.230.57.32,ipv4
SENTRA-REMOTE-163.230.57.33,SENTRA,host,163.230.57.33,ipv4
SENTRA-REMOTE-163.230.57.34,SENTRA,host,163.230.57.34,ipv4
SENTRA-REMOTE-163.230.57.35,SENTRA,host,163.230.57.35,ipv4
SENTRA-REMOTE-163.230.57.36,SENTRA,host,163.230.57.36,ipv4
SENTRA-REMOTE-163.230.57.37,SENTRA,host,163.230.57.37,ipv4
SENTRA-REMOTE-163.230.64.138,SENTRA,host,163.230.64.138,ipv4
SENTRA-REMOTE-163.230.64.139,SENTRA,host,163.230.64.139,ipv4
MEDPARTNERS-REMOTE-165.254.7.91,MEDPARTNERS,host,165.254.7.91,ipv4
IBM-ATT-MSS-REMOTE-167.210.219.58,IBM-ATT-MSS,host,167.210.219.58,ipv4
IBM-ATT-MSS-REMOTE-167.210.219.59,IBM-ATT-MSS,host,167.210.219.59,ipv4
DELOITTE-REMOTE-167.219.88.146,DELOITTE,host,167.219.88.146,ipv4
UCB-2019-REMOTE-167.224.102.154,UCB-2019,host,167.224.102.154,ipv4
MMM-CODING-REMOTE-169.10.135.254,MMM-CODING,host,169.10.135.254,ipv4
MMM-CODING-REMOTE-169.10.143.254,MMM-CODING,host,169.10.143.254,ipv4
MMM-CODING-REMOTE-169.10.151.254,MMM-CODING,host,169.10.151.254,ipv4
MMM-CODING-REMOTE-169.10.159.254,MMM-CODING,host,169.10.159.254,ipv4
MMM-CODING-REMOTE-169.10.167.254,MMM-CODING,host,169.10.167.254,ipv4
MMM-CODING-REMOTE-169.10.175.254,MMM-CODING,host,169.10.175.254,ipv4
MMM-CODING-REMOTE-169.10.183.254,MMM-CODING,host,169.10.183.254,ipv4
MMM-CODING-REMOTE-169.10.191.254,MMM-CODING,host,169.10.191.254,ipv4
MGB-REMOTE-170.223.42.145,MGB,host,170.223.42.145,ipv4
MGB-REMOTE-170.223.42.146,MGB,host,170.223.42.146,ipv4
MGB-REMOTE-170.223.42.147,MGB,host,170.223.42.147,ipv4
MGB-REMOTE-170.223.42.148,MGB,host,170.223.42.148,ipv4
MGB-REMOTE-170.223.42.149,MGB,host,170.223.42.149,ipv4
MGB-REMOTE-170.223.42.150,MGB,host,170.223.42.150,ipv4
MGB-REMOTE-170.223.42.151,MGB,host,170.223.42.151,ipv4
MGB-REMOTE-170.223.42.152,MGB,host,170.223.42.152,ipv4
MGB-REMOTE-170.223.42.153,MGB,host,170.223.42.153,ipv4
MGB-REMOTE-170.223.42.154,MGB,host,170.223.42.154,ipv4
FISHER-TITUS-REMOTE-170.71.255.29,FISHER-TITUS,host,170.71.255.29,ipv4
CERNER-RHAPSODY-REMOTE-170.71.65.250,CERNER-RHAPSODY,host,170.71.65.250,ipv4
RXHEALTH-REMOTE-172.16.1.100,RXHEALTH,host,172.16.1.100,ipv4
RXHEALTH-REMOTE-172.16.1.101,RXHEALTH,host,172.16.1.101,ipv4
RLSOLUTIONS-STATIC-REMOTE-172.27.1.209,RLSOLUTIONS-STATIC,host,172.27.1.209,ipv4
IMMIX-REMOTE-172.27.1.241,IMMIX,host,172.27.1.241,ipv4
IMMIX-REMOTE-172.27.1.242,IMMIX,host,172.27.1.242,ipv4
JOSEPH-BETH-REMOTE-172.27.1.49,JOSEPH-BETH,host,172.27.1.49,ipv4
ISCHEMAVIEW-REMOTE-172.27.1.73,ISCHEMAVIEW,host,172.27.1.73,ipv4
OPTIMUMENERGY-REMOTE-172.27.100.16,OPTIMUMENERGY,host,172.27.100.16,ipv4
WESTERN-RESERVE-REMOTE-172.27.100.164,WESTERN-RESERVE,host,172.27.100.164,ipv4
WESTERN-RESERVE-REMOTE-172.27.100.165,WESTERN-RESERVE,host,172.27.100.165,ipv4
APPRISS-REMOTE-172.27.100.172,APPRISS,host,172.27.100.172,ipv4
APPRISS-REMOTE-172.27.100.173,APPRISS,host,172.27.100.173,ipv4
APPRISS-REMOTE-172.27.100.174,APPRISS,host,172.27.100.174,ipv4
APPRISS-REMOTE-172.27.100.175,APPRISS,host,172.27.100.175,ipv4
IMBIO-REMOTE-172.27.100.178,IMBIO,host,172.27.100.178,ipv4
WIZARD-SOFTWARE-SOLUTIONS-REMOTE-172.27.100.180,WIZARD-SOFTWARE-SOLUTIONS,host,172.27.100.180,ipv4
APPRISS-REMOTE-172.27.100.240,APPRISS,host,172.27.100.240,ipv4
APPRISS-REMOTE-172.27.100.241,APPRISS,host,172.27.100.241,ipv4
ILLUMINA-DEV-REMOTE-172.27.100.41,ILLUMINA-DEV,host,172.27.100.41,ipv4
ILLUMINA-PROD-REMOTE-172.27.100.42,ILLUMINA-PROD,host,172.27.100.42,ipv4
ILLUMINA-QA-REMOTE-172.27.100.43,ILLUMINA-QA,host,172.27.100.43,ipv4
CS-MEDICAL-REMOTE-172.27.101.128,CS-MEDICAL,host,172.27.101.128,ipv4
TETON-SPINE-RAD-REMOTE-172.27.34.13,TETON-SPINE-RAD,host,172.27.34.13,ipv4
TETON-SPINE-RAD-REMOTE-172.27.34.14,TETON-SPINE-RAD,host,172.27.34.14,ipv4
TETON-SPINE-RAD-REMOTE-172.27.34.15,TETON-SPINE-RAD,host,172.27.34.15,ipv4
CENTAURI-VPN-2022-REMOTE-172.27.4.112,CENTAURI-VPN-2022,host,172.27.4.112,ipv4
DDC-PEDS-CARDIO-MIDDLEFIELD-REMOTE-172.27.9.22,DDC-PEDS-CARDIO-MIDDLEFIELD,host,172.27.9.22,ipv4
RAMSOFT-REMOTE-172.27.9.3,RAMSOFT,host,172.27.9.3,ipv4
IMAGELINK-MONROE-REMOTE-172.27.9.4,IMAGELINK-MONROE,host,172.27.9.4,ipv4
NORTH-SHORE-GASTRO-REMOTE-172.27.9.5,NORTH-SHORE-GASTRO,host,172.27.9.5,ipv4
STUART-CARDIOLOGY-AWS-REMOTE-172.27.9.7,STUART-CARDIOLOGY-AWS,host,172.27.9.7,ipv4
Q-SIGHT-NEW-REMOTE-173.203.168.13,Q-SIGHT-NEW,host,173.203.168.13,ipv4
Q-SIGHT-NEW-REMOTE-173.203.168.14,Q-SIGHT-NEW,host,173.203.168.14,ipv4
Q-SIGHT-NEW-REMOTE-173.203.168.4,Q-SIGHT-NEW,host,173.203.168.4,ipv4
TELCOR-QML-REMOTE-174.128.184.5,TELCOR-QML,host,174.128.184.5,ipv4
SEQUENOM-REMOTE-174.78.191.28,SEQUENOM,host,174.78.191.28,ipv4
SEQUENOM-REMOTE-174.78.191.29,SEQUENOM,host,174.78.191.29,ipv4
SEQUENOM-REMOTE-174.78.191.30,SEQUENOM,host,174.78.191.30,ipv4
INTRADIEM-AWS-NON-PROD-NON-REMOTE-18.117.53.160,INTRADIEM-AWS-NON-PROD-NON,host,18.117.53.160,ipv4
HC1-2019-REMOTE-18.217.55.37,HC1-2019,host,18.217.55.37,ipv4
INFINX3-SECONDARY-REMOTE-182.74.129.35,INFINX3-SECONDARY,host,182.74.129.35,ipv4
FIGMD-REMOTE-182.74.191.105,FIGMD,host,182.74.191.105,ipv4
INFINX2-TERTIARY-REMOTE-182.74.214.161,INFINX2-TERTIARY,host,182.74.214.161,ipv4
GENOVA-DIAGNOSTICS-REMOTE-184.106.5.60,GENOVA-DIAGNOSTICS,host,184.106.5.60,ipv4
GENOVA-DIAGNOSTICS-REMOTE-184.106.5.62,GENOVA-DIAGNOSTICS,host,184.106.5.62,ipv4
UCB2-REMOTE-190.241.8.140,UCB2,host,190.241.8.140,ipv4
CORECAP-REMOTE-192.35.79.15,CORECAP,host,192.35.79.15,ipv4
STRATA-REMOTE-192.65.158.10,STRATA,host,192.65.158.10,ipv4
PRECYSE2-REMOTE-192.69.85.120,PRECYSE2,host,192.69.85.120,ipv4
BAYER-REMOTE-192.80.68.194,BAYER,host,192.80.68.194,ipv4
LAITEK-REMOTE-192.81.232.209,LAITEK,host,192.81.232.209,ipv4
HEALTHWARE-SYSTEMS-REMOTE-196.179.50.20,HEALTHWARE-SYSTEMS,host,196.179.50.20,ipv4
ROCHE-REMOTE-196.3.50.39,ROCHE,host,196.3.50.39,ipv4
MDSTAFF-TO-EPIC-REMOTE-198.17.160.80,MDSTAFF-TO-EPIC,host,198.17.160.80,ipv4
MDSTAFF-TO-EPIC-REMOTE-198.17.160.81,MDSTAFF-TO-EPIC,host,198.17.160.81,ipv4
TELETRACK2-REMOTE-198.186.255.10,TELETRACK2,host,198.186.255.10,ipv4
EPIC-REMOTE-199.204.56.21,EPIC,host,199.204.56.21,ipv4
PASSPORT-REMOTE-199.96.232.33,PASSPORT,host,199.96.232.33,ipv4
DATAGATE-PROD-PASSPORT-REMOTE-199.96.232.40,DATAGATE-PROD-PASSPORT,host,199.96.232.40,ipv4
CIENA-2023-REMOTE-20.22.113.235,CIENA-2023,host,20.22.113.235,ipv4
WOUND-VISION-REMOTE-20.221.217.74,WOUND-VISION,host,20.221.217.74,ipv4
AGS-3-REMOTE-202.62.76.172,AGS-3,host,202.62.76.172,ipv4
AGS-2-REMOTE-202.62.76.173,AGS-2,host,202.62.76.173,ipv4
ECLINICWORKS-VPN-REMOTE-203.0.113.103,ECLINICWORKS-VPN,host,203.0.113.103,ipv4
AXION2-REMOTE-204.12.79.119,AXION2,host,204.12.79.119,ipv4
CARDIOPULSE-REMOTE-204.15.97.76,CARDIOPULSE,host,204.15.97.76,ipv4
POINT-CLICK-CARE-VPN-REMOTE-204.246.143.12,POINT-CLICK-CARE-VPN,host,204.246.143.12,ipv4
POINT-CLICK-CARE-REMOTE-204.246.143.13,POINT-CLICK-CARE,host,204.246.143.13,ipv4
AUGMEDIX-SF-HEADOFFICE-REMOTE-204.28.125.178,AUGMEDIX-SF-HEADOFFICE,host,204.28.125.178,ipv4
SELECT-MEDICAL-REMOTE-204.90.98.136,SELECT-MEDICAL,host,204.90.98.136,ipv4
SELECT-MEDICAL-REMOTE-204.90.98.137,SELECT-MEDICAL,host,204.90.98.137,ipv4
DATAGATE-PROD-SELECT-MEDICAL-REMOTE-204.90.98.183,DATAGATE-PROD-SELECT-MEDICAL,host,204.90.98.183,ipv4
DATAGATE-PROD-SELECT-MEDICAL-REMOTE-204.90.98.197,DATAGATE-PROD-SELECT-MEDICAL,host,204.90.98.197,ipv4
DATAGATE-PROD-SELECT-MEDICAL-REMOTE-204.90.98.198,DATAGATE-PROD-SELECT-MEDICAL,host,204.90.98.198,ipv4
DATAGATE-PROD-SELECT-MEDICAL-REMOTE-204.90.98.199,DATAGATE-PROD-SELECT-MEDICAL,host,204.90.98.199,ipv4
DATAGATE-PROD-SELECT-MEDICAL-REMOTE-204.90.98.209,DATAGATE-PROD-SELECT-MEDICAL,host,204.90.98.209,ipv4
DATAGATE-PROD-SELECT-MEDICAL-REMOTE-204.90.98.210,DATAGATE-PROD-SELECT-MEDICAL,host,204.90.98.210,ipv4
DATAGATE-PROD-SELECT-MEDICAL-REMOTE-204.90.98.66,DATAGATE-PROD-SELECT-MEDICAL,host,204.90.98.66,ipv4
DATAGATE-PROD-SELECT-MEDICAL-REMOTE-204.90.98.67,DATAGATE-PROD-SELECT-MEDICAL,host,204.90.98.67,ipv4
DATAGATE-PROD-SELECT-MEDICAL-REMOTE-204.90.98.68,DATAGATE-PROD-SELECT-MEDICAL,host,204.90.98.68,ipv4
DATAGATE-PROD-SELECT-MEDICAL-REMOTE-204.90.98.69,DATAGATE-PROD-SELECT-MEDICAL,host,204.90.98.69,ipv4
SELECT-MEDICAL-REMOTE-204.90.98.70,SELECT-MEDICAL,host,204.90.98.70,ipv4
SELECT-MEDICAL-REMOTE-204.90.98.71,SELECT-MEDICAL,host,204.90.98.71,ipv4
IPAYX-REMOTE-205.251.167.97,IPAYX,host,205.251.167.97,ipv4
FRONTRANGE-AWS-REMOTE-206.104.144.112,FRONTRANGE-AWS,host,206.104.144.112,ipv4
FRONTRANGE-AWS-REMOTE-206.104.144.113,FRONTRANGE-AWS,host,206.104.144.113,ipv4
SIEMENS-CLIENT-OUTLOOK-EUNITY-REMOTE-206.174.182.190,SIEMENS-CLIENT-OUTLOOK-EUNITY,host,206.174.182.190,ipv4
CSC-REMOTE-206.193.226.188,CSC,host,206.193.226.188,ipv4
MICROMD-REMOTE-206.216.146.35,MICROMD,host,206.216.146.35,ipv4
MICROMD-REMOTE-206.216.146.36,MICROMD,host,206.216.146.36,ipv4
MICROMD-REMOTE-206.216.146.39,MICROMD,host,206.216.146.39,ipv4
MICROMD-REMOTE-206.216.146.42,MICROMD,host,206.216.146.42,ipv4
TFS-ATHENA-REMOTE-206.216.152.142,TFS-ATHENA,host,206.216.152.142,ipv4
TFS-ATHENA-REMOTE-206.216.152.143,TFS-ATHENA,host,206.216.152.143,ipv4
FRONTRANGE-REMOTE-206.25.240.190,FRONTRANGE,host,206.25.240.190,ipv4
NEXTGEN-REMOTE-206.71.166.201,NEXTGEN,host,206.71.166.201,ipv4
NEXTGEN-REMOTE-206.71.166.202,NEXTGEN,host,206.71.166.202,ipv4
MICROMD-2019-REMOTE-206.80.100.134,MICROMD-2019,host,206.80.100.134,ipv4
PAML-REMOTE-206.82.175.127,PAML,host,206.82.175.127,ipv4
PAML-REMOTE-206.82.175.252,PAML,host,206.82.175.252,ipv4
PAML-REMOTE-206.82.175.253,PAML,host,206.82.175.253,ipv4
AMERICAN-WELL-REMOTE-207.211.42.208,AMERICAN-WELL,host,207.211.42.208,ipv4
AMERICAN-WELL-REMOTE-207.211.42.214,AMERICAN-WELL,host,207.211.42.214,ipv4
LEXICODE-REMOTE-207.231.178.193,LEXICODE,host,207.231.178.193,ipv4
VOX-REMOTE-207.54.142.6,VOX,host,207.54.142.6,ipv4
INGENIOUS-MED-VPN-REMOTE-207.54.147.190,INGENIOUS-MED-VPN,host,207.54.147.190,ipv4
INGENIOUS-MED-REMOTE-207.54.147.191,INGENIOUS-MED,host,207.54.147.191,ipv4
REVGRP-REMOTE-207.54.180.18,REVGRP,host,207.54.180.18,ipv4
RADIOMETER-REMOTE-207.7.118.186,RADIOMETER,host,207.7.118.186,ipv4
RODS-REMOTE-208.40.149.39,RODS,host,208.40.149.39,ipv4
ALEGOHEALTH-REMOTE-208.40.81.170,ALEGOHEALTH,host,208.40.81.170,ipv4
STRATA-DR-REMOTE-208.42.253.74,STRATA-DR,host,208.42.253.74,ipv4
Nuance2-REMOTE-208.51.93.214,Nuance2,host,208.51.93.214,ipv4
CARDIONET-ACL-REMOTE-208.67.125.90,CARDIONET-ACL,host,208.67.125.90,ipv4
MEDQ-REMOTE-208.67.249.173,MEDQ,host,208.67.249.173,ipv4
ATHENA-REMOTE-208.78.140.29,ATHENA,host,208.78.140.29,ipv4
ATHENA-REMOTE-208.78.140.30,ATHENA,host,208.78.140.30,ipv4
TELCOR-ACL-REMOTE-208.78.83.250,TELCOR-ACL,host,208.78.83.250,ipv4
OPENPM-REMOTE-208.81.149.62,OPENPM,host,208.81.149.62,ipv4
TRIDENT-CARE-REMOTE-208.82.200.223,TRIDENT-CARE,host,208.82.200.223,ipv4
TRIDENT-CARE-REMOTE-208.82.200.236,TRIDENT-CARE,host,208.82.200.236,ipv4
TEAMHEALTH-ALL-REMOTE-208.84.217.152,TEAMHEALTH-ALL,host,208.84.217.152,ipv4
TEAMHEALTH-ALL-REMOTE-208.84.217.155,TEAMHEALTH-ALL,host,208.84.217.155,ipv4
TEAMHEALTH-ALL-REMOTE-208.84.217.167,TEAMHEALTH-ALL,host,208.84.217.167,ipv4
TEAMHEALTH-ALL-REMOTE-208.84.217.178,TEAMHEALTH-ALL,host,208.84.217.178,ipv4
TEAMHEALTH-ALL-REMOTE-208.84.217.254,TEAMHEALTH-ALL,host,208.84.217.254,ipv4
ERA-REMOTE-209.132.237.250,ERA,host,209.132.237.250,ipv4
CLINISYNC-2020-PROD-REMOTE-209.143.81.81,CLINISYNC-2020-PROD,host,209.143.81.81,ipv4
CLINISYNC-2020-REMOTE-209.143.81.82,CLINISYNC-2020,host,209.143.81.82,ipv4
STCLAIR-REMOTE-209.195.183.171,STCLAIR,host,209.195.183.171,ipv4
ROCHE-REMOTE-209.202.167.19,ROCHE,host,209.202.167.19,ipv4
ROCHE-REMOTE-209.202.167.20,ROCHE,host,209.202.167.20,ipv4
ROCHE-REMOTE-209.202.167.21,ROCHE,host,209.202.167.21,ipv4
ZOTEC-VPN-REMOTE-209.43.106.222,ZOTEC-VPN,host,209.43.106.222,ipv4
AKRON-REMOTE-209.57.32.144,AKRON,host,209.57.32.144,ipv4
AKRON-REMOTE-209.57.32.145,AKRON,host,209.57.32.145,ipv4
AKRON-REMOTE-209.57.32.146,AKRON,host,209.57.32.146,ipv4
AKRON-REMOTE-209.57.32.147,AKRON,host,209.57.32.147,ipv4
AKRON-REMOTE-209.57.32.149,AKRON,host,209.57.32.149,ipv4
AKRON-REMOTE-209.57.32.150,AKRON,host,209.57.32.150,ipv4
AKRON-REMOTE-209.57.32.151,AKRON,host,209.57.32.151,ipv4
AKRON-REMOTE-209.57.32.152,AKRON,host,209.57.32.152,ipv4
AKRON-REMOTE-209.57.32.154,AKRON,host,209.57.32.154,ipv4
AKRON-REMOTE-209.57.32.155,AKRON,host,209.57.32.155,ipv4
AKRON-REMOTE-209.57.32.156,AKRON,host,209.57.32.156,ipv4
AKRON-REMOTE-209.57.32.157,AKRON,host,209.57.32.157,ipv4
AKRON-REMOTE-209.57.32.18,AKRON,host,209.57.32.18,ipv4
AKRON-REMOTE-209.57.32.182,AKRON,host,209.57.32.182,ipv4
AKRON-REMOTE-209.57.32.193,AKRON,host,209.57.32.193,ipv4
AKRON-REMOTE-209.57.32.194,AKRON,host,209.57.32.194,ipv4
AKRON-REMOTE-209.57.32.22,AKRON,host,209.57.32.22,ipv4
AKRON-REMOTE-209.57.32.24,AKRON,host,209.57.32.24,ipv4
AKRON-REMOTE-209.57.32.25,AKRON,host,209.57.32.25,ipv4
AKRON-REMOTE-209.57.32.92,AKRON,host,209.57.32.92,ipv4
AKRON-REMOTE-209.57.32.93,AKRON,host,209.57.32.93,ipv4
MDNET-REMOTE-209.60.166.149,MDNET,host,209.60.166.149,ipv4
PHILIPS-SLEEP-TEST-REMOTE-216.243.71.214,PHILIPS-SLEEP-TEST,host,216.243.71.214,ipv4
GETIXHEALTH-REMOTE-216.26.142.123,GETIXHEALTH,host,216.26.142.123,ipv4
CARIS-REMOTE-216.32.80.230,CARIS,host,216.32.80.230,ipv4
CARIS-REMOTE-216.32.80.231,CARIS,host,216.32.80.231,ipv4
CLINISYNC-REMOTE-216.46.173.83,CLINISYNC,host,216.46.173.83,ipv4
CLINISYNC-REMOTE-216.46.173.84,CLINISYNC,host,216.46.173.84,ipv4
CLINISYNC-REMOTE-216.46.173.85,CLINISYNC,host,216.46.173.85,ipv4
CLINISYNC-REMOTE-216.46.173.86,CLINISYNC,host,216.46.173.86,ipv4
CLINISYNC-REMOTE-216.46.175.94,CLINISYNC,host,216.46.175.94,ipv4
CLINISYNC-REMOTE-216.46.191.70,CLINISYNC,host,216.46.191.70,ipv4
CLINISYNC-REMOTE-216.46.191.71,CLINISYNC,host,216.46.191.71,ipv4
CLINISYNC-REMOTE-216.46.191.78,CLINISYNC,host,216.46.191.78,ipv4
CLINISYNC-REMOTE-216.46.191.85,CLINISYNC,host,216.46.191.85,ipv4
CLINISYNC-REMOTE-216.46.191.86,CLINISYNC,host,216.46.191.86,ipv4
CLINISYNC-REMOTE-216.46.191.94,CLINISYNC,host,216.46.191.94,ipv4
TELCOR-ACL-REMOTE-216.58.236.136,TELCOR-ACL,host,216.58.236.136,ipv4
TELCOR-ACL-REMOTE-216.58.236.138,TELCOR-ACL,host,216.58.236.138,ipv4
MRO-REMOTE-216.83.182.34,MRO,host,216.83.182.34,ipv4
MRO-REMOTE-216.83.182.35,MRO,host,216.83.182.35,ipv4
MRO-REMOTE-216.83.182.36,MRO,host,216.83.182.36,ipv4
MRO-REMOTE-216.83.182.37,MRO,host,216.83.182.37,ipv4
MRO-REMOTE-216.83.182.38,MRO,host,216.83.182.38,ipv4
MRO-REMOTE-216.83.182.39,MRO,host,216.83.182.39,ipv4
RHYME-TEST-REMOTE-23.22.93.123,RHYME-TEST,host,23.22.93.123,ipv4
URG-REMOTE-24.104.142.120,URG,host,24.104.142.120,ipv4
URG-REMOTE-24.104.142.121,URG,host,24.104.142.121,ipv4
URG-REMOTE-24.104.142.122,URG,host,24.104.142.122,ipv4
URG-REMOTE-24.104.142.123,URG,host,24.104.142.123,ipv4
URG-REMOTE-24.104.142.124,URG,host,24.104.142.124,ipv4
CFC-ACL-REMOTE-24.142.136.4,CFC-ACL,host,24.142.136.4,ipv4
APS-VPN-REMOTE-24.52.121.33,APS-VPN,host,24.52.121.33,ipv4
INTRADIEM-AWS-PROD-REMOTE-3.139.52.221,INTRADIEM-AWS-PROD,host,3.139.52.221,ipv4
OBHG-ADT-MED-RECS-REMOTE-3.208.138.66,OBHG-ADT-MED-RECS,host,3.208.138.66,ipv4
ARCADIA_2024-REMOTE-3.213.156.113,ARCADIA_2024,host,3.213.156.113,ipv4
EH-LOGIC-REMOTE-3.225.207.69,EH-LOGIC,host,3.225.207.69,ipv4
READYSET-REMOTE-3.94.234.245,READYSET,host,3.94.234.245,ipv4
ABILITY-REMOTE-32.91.198.116,ABILITY,host,32.91.198.116,ipv4
ABILITY-REMOTE-32.91.198.117,ABILITY,host,32.91.198.117,ipv4
GYANT-REMOTE-34.197.127.155,GYANT,host,34.197.127.155,ipv4
IRYTHM-2-REMOTE-34.205.70.73,IRYTHM-2,host,34.205.70.73,ipv4
MEDBOARD-REMOTE-34.234.237.24,MEDBOARD,host,34.234.237.24,ipv4
MURJ-REMOTE-35.164.162.197,MURJ,host,35.164.162.197,ipv4
STRATA2-REMOTE-38.103.114.193,STRATA2,host,38.103.114.193,ipv4
LIFEBANC-REMOTE-38.67.195.31,LIFEBANC,host,38.67.195.31,ipv4
FIRSTCREDIT-2-REMOTE-38.94.202.46,FIRSTCREDIT-2,host,38.94.202.46,ipv4
EHEALTHTECH-REMOTE-40.117.32.93,EHEALTHTECH,host,40.117.32.93,ipv4
EVICORE-QA-REMOTE-40.70.166.145,EVICORE-QA,host,40.70.166.145,ipv4
ESO-REMOTE-40.79.41.244,ESO,host,40.79.41.244,ipv4
ESO-REMOTE-40.79.41.245,ESO,host,40.79.41.245,ipv4
BAMBOO-HEALTH-REMOTE-44.216.245.169,BAMBOO-HEALTH,host,44.216.245.169,ipv4
MURJ-REMOTE-44.231.107.174,MURJ,host,44.231.107.174,ipv4
INFINX-SECONDARY-REMOTE-49.128.170.243,INFINX-SECONDARY,host,49.128.170.243,ipv4
RECOVERY-CENTERS-REMOTE-50.236.19.28,RECOVERY-CENTERS,host,50.236.19.28,ipv4
CLEARDATA-PROD-REMOTE-52.0.36.72,CLEARDATA-PROD,host,52.0.36.72,ipv4
WOUND-VISION-REMOTE-52.159.115.68,WOUND-VISION,host,52.159.115.68,ipv4
REDOX-REMOTE-52.204.171.241,REDOX,host,52.204.171.241,ipv4
CLEARDATA-PROD-PROD84-REMOTE-52.204.30.124,CLEARDATA-PROD-PROD84,host,52.204.30.124,ipv4
REDOX-REMOTE-52.205.169.63,REDOX,host,52.205.169.63,ipv4
IRYTHM-REMOTE-52.205.199.20,IRYTHM,host,52.205.199.20,ipv4
CLEARDATA-SYNGO-REMOTE-52.205.97.90,CLEARDATA-SYNGO,host,52.205.97.90,ipv4
LIVING-MATRIX-REMOTE-52.207.56.132,LIVING-MATRIX,host,52.207.56.132,ipv4
CLEARDATA-SYNGO-REMOTE-52.21.227.26,CLEARDATA-SYNGO,host,52.21.227.26,ipv4
OPTUM-VPN-AKRON-REMOTE-52.226.152.20,OPTUM-VPN-AKRON,host,52.226.152.20,ipv4
OPTUM-VPN-AKRON-REMOTE-52.226.152.21,OPTUM-VPN-AKRON,host,52.226.152.21,ipv4
EVICORE-PROD-REMOTE-52.228.229.49,EVICORE-PROD,host,52.228.229.49,ipv4
CARDIOPULSE2-REMOTE-52.249.241.35,CARDIOPULSE2,host,52.249.241.35,ipv4
CARDIOPULSE2-REMOTE-52.249.241.36,CARDIOPULSE2,host,52.249.241.36,ipv4
MCCREADIE-2021-REMOTE-52.254.37.20,MCCREADIE-2021,host,52.254.37.20,ipv4
MCCREADIE-2021-REMOTE-52.254.37.21,MCCREADIE-2021,host,52.254.37.21,ipv4
MEDBOARD-REMOTE-52.54.253.212,MEDBOARD,host,52.54.253.212,ipv4
WESTON-HIE-REMOTE-54.144.234.98,WESTON-HIE,host,54.144.234.98,ipv4
READYSET-REMOTE-54.152.248.229,READYSET,host,54.152.248.229,ipv4
WESTON-HIE-REMOTE-54.165.202.176,WESTON-HIE,host,54.165.202.176,ipv4
DATAGATE-PROD-MEDBOARD-REMOTE-54.165.213.78,DATAGATE-PROD-MEDBOARD,host,54.165.213.78,ipv4
PHILIPS-SLEEP-REMOTE-54.166.112.204,PHILIPS-SLEEP,host,54.166.112.204,ipv4
MEDBOARD-REMOTE-54.173.30.131,MEDBOARD,host,54.173.30.131,ipv4
ARCADIA-REMOTE-54.198.78.179,ARCADIA,host,54.198.78.179,ipv4
RHYME-VPN-PROD-REMOTE-54.227.181.7,RHYME-VPN-PROD,host,54.227.181.7,ipv4
ARCADIA_2024-REMOTE-54.227.232.136,ARCADIA_2024,host,54.227.232.136,ipv4
ROCHE-REMOTE-62.209.44.11,ROCHE,host,62.209.44.11,ipv4
MILLIMAN-REMOTE-63.131.230.4,MILLIMAN,host,63.131.230.4,ipv4
MILLIMAN-REMOTE-63.131.230.44,MILLIMAN,host,63.131.230.44,ipv4
ECLINICWORKS-VPN-REMOTE-63.224.151.17,ECLINICWORKS-VPN,host,63.224.151.17,ipv4
SPECIALTY-REMOTE-63.236.11.158,SPECIALTY,host,63.236.11.158,ipv4
SPECIALTY-REMOTE-63.236.11.167,SPECIALTY,host,63.236.11.167,ipv4
DATAGATE-PROD-LIFEPOINT-REMOTE-63.87.232.162,DATAGATE-PROD-LIFEPOINT,host,63.87.232.162,ipv4
GENBAND-REMOTE-64.129.37.2,GENBAND,host,64.129.37.2,ipv4
GENBAND-REMOTE-64.129.37.3,GENBAND,host,64.129.37.3,ipv4
PHI-AIR-MEDICAL-REMOTE-65.152.109.126,PHI-AIR-MEDICAL,host,65.152.109.126,ipv4
HUMANARC-NEW-REMOTE-65.156.188.186,HUMANARC-NEW,host,65.156.188.186,ipv4
MMM-HIS-ACL-REMOTE-65.242.47.171,MMM-HIS-ACL,host,65.242.47.171,ipv4
MEDASSIST-2019-REMOTE-65.5.132.133,MEDASSIST-2019,host,65.5.132.133,ipv4
ANTARES-REMOTE-66.111.18.101,ANTARES,host,66.111.18.101,ipv4
ANTARES-REMOTE-66.111.18.103,ANTARES,host,66.111.18.103,ipv4
ANTARES-REMOTE-66.111.18.104,ANTARES,host,66.111.18.104,ipv4
ANTARES-REMOTE-66.111.18.145,ANTARES,host,66.111.18.145,ipv4
ANTARES-REMOTE-66.111.18.149,ANTARES,host,66.111.18.149,ipv4
ANTARES-REMOTE-66.111.18.177,ANTARES,host,66.111.18.177,ipv4
ANTARES-REMOTE-66.111.18.204,ANTARES,host,66.111.18.204,ipv4
ANTARES-REMOTE-66.111.18.205,ANTARES,host,66.111.18.205,ipv4
ANTARES-REMOTE-66.111.18.45,ANTARES,host,66.111.18.45,ipv4
ANTARES-REMOTE-66.111.18.50,ANTARES,host,66.111.18.50,ipv4
ANTARES-REMOTE-66.111.18.74,ANTARES,host,66.111.18.74,ipv4
ANTARES-REMOTE-66.111.18.91,ANTARES,host,66.111.18.91,ipv4
SOLARITY-REMOTE-66.119.23.181,SOLARITY,host,66.119.23.181,ipv4
SOLARITY-REMOTE-66.119.23.182,SOLARITY,host,66.119.23.182,ipv4
ASTERES-REMOTE-66.181.9.46,ASTERES,host,66.181.9.46,ipv4
DATAGATE-PROD-LOGIX-HEALTH-REMOTE-66.97.189.13,DATAGATE-PROD-LOGIX-HEALTH,host,66.97.189.13,ipv4
DATAGATE-PROD-LOGIX-HEALTH-REMOTE-66.97.189.17,DATAGATE-PROD-LOGIX-HEALTH,host,66.97.189.17,ipv4
MEDQUIST-REMOTE-67.133.95.254,MEDQUIST,host,67.133.95.254,ipv4
AIRSTRIP-REMOTE-67.192.236.138,AIRSTRIP,host,67.192.236.138,ipv4
CONNEXALL-REMOTE-67.215.195.200,CONNEXALL,host,67.215.195.200,ipv4
ARBOR-HEALTH-REMOTE-67.216.167.128,ARBOR-HEALTH,host,67.216.167.128,ipv4
ARBOR-HEALTH-REMOTE-67.216.167.129,ARBOR-HEALTH,host,67.216.167.129,ipv4
POINT-CLICK-CARE-VPN-REMOTE-67.216.238.14,POINT-CLICK-CARE-VPN,host,67.216.238.14,ipv4
POINT-CLICK-CARE-REMOTE-67.216.238.15,POINT-CLICK-CARE,host,67.216.238.15,ipv4
COLOGUARD-REMOTE-67.218.211.19,COLOGUARD,host,67.218.211.19,ipv4
COLOGUARD-REMOTE-67.218.211.20,COLOGUARD,host,67.218.211.20,ipv4
COLOGUARD-REMOTE-67.218.211.21,COLOGUARD,host,67.218.211.21,ipv4
COLOGUARD-REMOTE-67.218.211.22,COLOGUARD,host,67.218.211.22,ipv4
COLOGUARD-REMOTE-67.218.211.23,COLOGUARD,host,67.218.211.23,ipv4
COLOGUARD-REMOTE-67.218.211.24,COLOGUARD,host,67.218.211.24,ipv4
SPRINT-PRI-PCS-REMOTE-68.28.2.135,SPRINT-PRI-PCS,host,68.28.2.135,ipv4
EASTERNUTAH-REMOTE-68.66.131.99,EASTERNUTAH,host,68.66.131.99,ipv4
EMMI-ACL-REMOTE-69.2.63.104,EMMI-ACL,host,69.2.63.104,ipv4
EMMI-ACL-REMOTE-69.2.63.105,EMMI-ACL,host,69.2.63.105,ipv4
AMEDX-3-REMOTE-69.28.76.147,AMEDX-3,host,69.28.76.147,ipv4
GENH-REMOTE-69.74.168.172,GENH,host,69.74.168.172,ipv4
GENH-REMOTE-69.74.168.173,GENH,host,69.74.168.173,ipv4
VYNE-REMOTE-70.159.151.162,VYNE,host,70.159.151.162,ipv4
INTERMEDIX-EPBS-REMOTE-70.169.209.10,INTERMEDIX-EPBS,host,70.169.209.10,ipv4
STUART-CARDIOLOGY-2022-REMOTE-70.63.141.23,STUART-CARDIOLOGY-2022,host,70.63.141.23,ipv4
VIRACOR-IBT-REMOTE-71.153.204.60,VIRACOR-IBT,host,71.153.204.60,ipv4
VIRACOR-IBT-REMOTE-71.153.204.61,VIRACOR-IBT,host,71.153.204.61,ipv4
ICADMED-REMOTE-71.255.153.253,ICADMED,host,71.255.153.253,ipv4
STERIS-REMOTE-71.6.8.213,STERIS,host,71.6.8.213,ipv4
HURON-VPN-2023-REMOTE-72.10.184.24,HURON-VPN-2023,host,72.10.184.24,ipv4
HURON-VPN-2023-REMOTE-72.10.184.25,HURON-VPN-2023,host,72.10.184.25,ipv4
MEDINSTITUTEINC-REMOTE-72.12.219.52,MEDINSTITUTEINC,host,72.12.219.52,ipv4
MEDINSTITUTEINC-REMOTE-72.12.219.62,MEDINSTITUTEINC,host,72.12.219.62,ipv4
SIEMENS-MEDICALIS-REMOTE-72.13.13.175,SIEMENS-MEDICALIS,host,72.13.13.175,ipv4
MCCREADIE-PROD-REMOTE-72.13.6.213,MCCREADIE-PROD,host,72.13.6.213,ipv4
MCCREADIE-REMOTE-72.13.6.218,MCCREADIE,host,72.13.6.218,ipv4
EXEMPLO-REMOTE-72.15.228.86,EXEMPLO,host,72.15.228.86,ipv4
CLEARSENSE-2019-REMOTE-72.29.123.57,CLEARSENSE-2019,host,72.29.123.57,ipv4
Q-SIGHT-DR-REMOTE-72.32.176.208,Q-SIGHT-DR,host,72.32.176.208,ipv4
Q-SIGHT-DR-REMOTE-72.32.176.209,Q-SIGHT-DR,host,72.32.176.209,ipv4
ROI-REMOTE-74.11.220.63,ROI,host,74.11.220.63,ipv4
MICROMD2-REMOTE-74.112.0.38,MICROMD2,host,74.112.0.38,ipv4
MICROMD2-2-REMOTE-74.112.3.84,MICROMD2-2,host,74.112.3.84,ipv4
PRESSGANEY-REMOTE-74.119.202.118,PRESSGANEY,host,74.119.202.118,ipv4
PRESSGANEY-REMOTE-74.119.202.119,PRESSGANEY,host,74.119.202.119,ipv4
CLINISYNC-REMOTE-74.63.136.232,CLINISYNC,host,74.63.136.232,ipv4
CLINISYNC-REMOTE-74.63.136.233,CLINISYNC,host,74.63.136.233,ipv4
CLINISYNC-REMOTE-74.63.136.235,CLINISYNC,host,74.63.136.235,ipv4
CLINISYNC-REMOTE-74.63.136.236,CLINISYNC,host,74.63.136.236,ipv4
CLINISYNC-REMOTE-74.63.136.237,CLINISYNC,host,74.63.136.237,ipv4
CLINISYNC-REMOTE-74.63.136.238,CLINISYNC,host,74.63.136.238,ipv4
CLINISYNC-REMOTE-74.63.136.239,CLINISYNC,host,74.63.136.239,ipv4
CLINISYNC-REMOTE-74.63.136.242,CLINISYNC,host,74.63.136.242,ipv4
CLINISYNC-REMOTE-74.63.163.101,CLINISYNC,host,74.63.163.101,ipv4
CLINISYNC-REMOTE-74.63.163.102,CLINISYNC,host,74.63.163.102,ipv4
CLINISYNC-REMOTE-74.63.163.103,CLINISYNC,host,74.63.163.103,ipv4
CLINISYNC-REMOTE-74.63.163.104,CLINISYNC,host,74.63.163.104,ipv4
PARRISH-REMOTE-75.112.156.115,PARRISH,host,75.112.156.115,ipv4
PARRISH-REMOTE-75.112.156.116,PARRISH,host,75.112.156.116,ipv4
PARRISH-REMOTE-75.112.156.117,PARRISH,host,75.112.156.117,ipv4
RIGNEYDOLPHIN-REMOTE-84.203.232.106,RIGNEYDOLPHIN,host,84.203.232.106,ipv4
RIGNEYDOLPHIN-REMOTE-84.203.232.108,RIGNEYDOLPHIN,host,84.203.232.108,ipv4
OVAG-REMOTE-84.253.57.158,OVAG,host,84.253.57.158,ipv4
EXCITEIT-BACKUP-REMOTE-96.234.159.242,EXCITEIT-BACKUP,host,96.234.159.242,ipv4
CCG-REMOTE-98.103.161.234,CCG,host,98.103.161.234,ipv4
INDIAN-RIVER-REMOTE-10.102.0.0_16,INDIAN-RIVER,network,10.102.0.0/16,ipv4
CCAD-REMOTE-10.154.0.0_16,CCAD,network,10.154.0.0/16,ipv4
CCAD-REMOTE-10.157.0.0_16,CCAD,network,10.157.0.0/16,ipv4
CCAD-REMOTE-10.158.0.0_16,CCAD,network,10.158.0.0/16,ipv4
CCAD-REMOTE-10.160.32.0_20,CCAD,network,10.160.32.0/20,ipv4
CCAD-REMOTE-10.160.64.0_19,CCAD,network,10.160.64.0/19,ipv4
CCAD-REMOTE-10.163.0.0_16,CCAD,network,10.163.0.0/16,ipv4
CCAD-REMOTE-10.166.1.0_24,CCAD,network,10.166.1.0/24,ipv4
CCAD-REMOTE-10.169.0.0_16,CCAD,network,10.169.0.0/16,ipv4
CCAD-REMOTE-10.170.0.0_16,CCAD,network,10.170.0.0/16,ipv4
CCAD-REMOTE-10.172.0.0_16,CCAD,network,10.172.0.0/16,ipv4
CCAD-REMOTE-10.173.0.0_16,CCAD,network,10.173.0.0/16,ipv4
UNION-MASSILLON-CARDIOLOGY-REMOTE-10.177.28.0_24,UNION-MASSILLON-CARDIOLOGY,network,10.177.28.0/24,ipv4
LONDON-EQUINIX-REMOTE-10.184.0.0_15,LONDON-EQUINIX,network,10.184.0.0/15,ipv4
LONDON-EQUINIX-REMOTE-10.186.255.0_24,LONDON-EQUINIX,network,10.186.255.0/24,ipv4
CANTON-MERCY-REMOTE-10.45.0.0_16,CANTON-MERCY,network,10.45.0.0/16,ipv4
WICKLIFFECOUNTRYPLACE-REMOTE-10.47.128.0_28,WICKLIFFECOUNTRYPLACE,network,10.47.128.0/28,ipv4
CANDLEWOOD-REMOTE-10.47.128.216_29,CANDLEWOOD,network,10.47.128.216/29,ipv4
HARBORSIDE-REMOTE-10.47.128.224_28,HARBORSIDE,network,10.47.128.224/28,ipv4
HOLLYHILL-REMOTE-10.47.128.32_28,HOLLYHILL,network,10.47.128.32/28,ipv4
BLOSSOMHILL-REMOTE-10.47.128.48_28,BLOSSOMHILL,network,10.47.128.48/28,ipv4
BRIARHILL-REMOTE-10.47.128.64_28,BRIARHILL,network,10.47.128.64/28,ipv4
BURKE-AIRPORT-REMOTE-10.56.41.0_25,BURKE-AIRPORT,network,10.56.41.0/25,ipv4
WADSWORTH-AIRPORT-REMOTE-10.56.41.128_25,WADSWORTH-AIRPORT,network,10.56.41.128/25,ipv4
XEALTH-REMOTE-100.64.3.128_25,XEALTH,network,100.64.3.128/25,ipv4
TTEC-REMOTE-100.66.2.240_28,TTEC,network,100.66.2.240/28,ipv4
TTEC-REMOTE-100.67.0.0_24,TTEC,network,100.67.0.0/24,ipv4
VERGE-2-REMOTE-100.68.18.192_26,VERGE-2,network,100.68.18.192/26,ipv4
STRYKER-REMOTE-100.70.2.0_24,STRYKER,network,100.70.2.0/24,ipv4
XEALTH-REMOTE-100.80.3.128_25,XEALTH,network,100.80.3.128/25,ipv4
OVAG-2-REMOTE-11.11.0.0_20,OVAG-2,network,11.11.0.0/20,ipv4
DATAGATE-PROD-REMOTE-12.145.95.0_24,DATAGATE-PROD,network,12.145.95.0/24,ipv4
MAYO-REMOTE-129.176.170.224_28,MAYO,network,129.176.170.224/28,ipv4
SIEMENS-MGMT-REMOTE-129.73.116.80_28,SIEMENS-MGMT,network,129.73.116.80/28,ipv4
AGFA-REMOTE-134.54.112.0_20,AGFA,network,134.54.112.0/20,ipv4
VELOCITY-REMOTE-137.66.29.0_28,VELOCITY,network,137.66.29.0/28,ipv4
APPOINTMENTPASS-AWS-REMOTE-139.137.180.0_23,APPOINTMENTPASS-AWS,network,139.137.180.0/23,ipv4
MCKESSONCAREBRIDGE-REMOTE-139.177.216.0_21,MCKESSONCAREBRIDGE,network,139.177.216.0/21,ipv4
MTSINAI-REMOTE-142.223.0.0_16,MTSINAI,network,142.223.0.0/16,ipv4
AHI-ACL-REMOTE-143.112.33.240_28,AHI-ACL,network,143.112.33.240/28,ipv4
MMM-CODING-REMOTE-143.122.0.0_16,MMM-CODING,network,143.122.0.0/16,ipv4
VELOCITY-BNA-REMOTE-144.34.117.224_27,VELOCITY-BNA,network,144.34.117.224/27,ipv4
PHILIPS-HSP-DICOM-REMOTE-144.54.249.0_26,PHILIPS-HSP-DICOM,network,144.54.249.0/26,ipv4
MEDICALLY-HOME-REMOTE-146.44.0.0_27,MEDICALLY-HOME,network,146.44.0.0/27,ipv4
IBM-ATT-MSS-REMOTE-146.89.39.160_27,IBM-ATT-MSS,network,146.89.39.160/27,ipv4
GE-REMOTE-150.2.0.0_16,GE,network,150.2.0.0/16,ipv4
AMERIH2-REMOTE-156.30.121.0_24,AMERIH2,network,156.30.121.0/24,ipv4
QUESTDIAGNOSTICS-REMOTE-156.30.121.128_29,QUESTDIAGNOSTICS,network,156.30.121.128/29,ipv4
QUESTDIAGNOSTICS-REMOTE-156.30.21.200_29,QUESTDIAGNOSTICS,network,156.30.21.200/29,ipv4
CERNER-APACHE-REMOTE-159.140.200.0_24,CERNER-APACHE,network,159.140.200.0/24,ipv4
CERNER-APACHE-REMOTE-159.140.236.128_26,CERNER-APACHE,network,159.140.236.128/26,ipv4
CERNER-REMOTE-159.140.250.0_28,CERNER,network,159.140.250.0/28,ipv4
CERNER-APACHE-REMOTE-159.140.98.0_25,CERNER-APACHE,network,159.140.98.0/25,ipv4
OPTUM-BOSTON-REMOTE-162.247.175.0_25,OPTUM-BOSTON,network,162.247.175.0/25,ipv4
OPTUM-ASHBURN-REMOTE-162.247.175.128_25,OPTUM-ASHBURN,network,162.247.175.128/25,ipv4
SENTRA-ACL-REMOTE-163.230.0.0_16,SENTRA-ACL,network,163.230.0.0/16,ipv4
DATAGATE-PROD-KAISER-REMOTE-167.117.0.0_16,DATAGATE-PROD-KAISER,network,167.117.0.0/16,ipv4
IBM-REMOTE-167.210.219.0_24,IBM,network,167.210.219.0/24,ipv4
METROHEALTH-REMOTE-169.240.0.0_16,METROHEALTH,network,169.240.0.0/16,ipv4
FISHER-TITUS-REMOTE-170.71.121.64_26,FISHER-TITUS,network,170.71.121.64/26,ipv4
EGS-REMOTE-170.8.20.0_23,EGS,network,170.8.20.0/23,ipv4
NCO-REMOTE-170.8.230.0_24,NCO,network,170.8.230.0/24,ipv4
FAMILY-MEDICAL-CARE-PLUS-REMOTE-172.168.168.0_24,FAMILY-MEDICAL-CARE-PLUS,network,172.168.168.0/24,ipv4
SECURE-ASSESS-TEST-REMOTE-172.25.96.0_20,SECURE-ASSESS-TEST,network,172.25.96.0/20,ipv4
ELEVATION-IMAGING-GILLETTE-WY-REMOTE-172.26.10.112_28,ELEVATION-IMAGING-GILLETTE-WY,network,172.26.10.112/28,ipv4
SCHOOL-BASED-HEALTH-VAN-2-REMOTE-172.26.11.128_27,SCHOOL-BASED-HEALTH-VAN-2,network,172.26.11.128/27,ipv4
STROKEAMBUL2-R1-REMOTE-172.26.11.64_27,STROKEAMBUL2-R1,network,172.26.11.64/27,ipv4
STROKEAMBUL2-R2-REMOTE-172.26.11.96_27,STROKEAMBUL2-R2,network,172.26.11.96/27,ipv4
CDIW-WI-REMOTE-172.26.64.0_24,CDIW-WI,network,172.26.64.0/24,ipv4
COLE-VISION-VAN-REMOTE-172.27.1.0_28,COLE-VISION-VAN,network,172.27.1.0/28,ipv4
CBLDG-TRAILER-REMOTE-172.27.1.128_28,CBLDG-TRAILER,network,172.27.1.128/28,ipv4
RIGNEY-DOLPHIN-CLE-REMOTE-172.27.1.144_28,RIGNEY-DOLPHIN-CLE,network,172.27.1.144/28,ipv4
LIFE-WATCH-REMOTE-172.27.1.16_28,LIFE-WATCH,network,172.27.1.16/28,ipv4
DATAGATE-PROD-LOGIX-HEALTH-REMOTE-172.27.1.160_28,DATAGATE-PROD-LOGIX-HEALTH,network,172.27.1.160/28,ipv4
SAGREHAB-REMOTE-172.27.1.176_28,SAGREHAB,network,172.27.1.176/28,ipv4
CRADLE-POINT-CLINICAL-TRANSPORT1-REMOTE-172.27.1.192_28,CRADLE-POINT-CLINICAL-TRANSPORT1,network,172.27.1.192/28,ipv4
RLSOLUTIONS-REMOTE-172.27.1.208_28,RLSOLUTIONS,network,172.27.1.208/28,ipv4
IMMIX-REMOTE-172.27.1.240_28,IMMIX,network,172.27.1.240/28,ipv4
CLEARDATA2-REMOTE-172.27.100.0_28,CLEARDATA2,network,172.27.100.0/28,ipv4
OSCAR-REMOTE-172.27.100.128_27,OSCAR,network,172.27.100.128/27,ipv4
OPTIMUMENERGY-REMOTE-172.27.100.16_28,OPTIMUMENERGY,network,172.27.100.16/28,ipv4
ARAMARK-AVON-REMOTE-172.27.100.160_30,ARAMARK-AVON,network,172.27.100.160/30,ipv4
WESTERN-RESERVE-REMOTE-172.27.100.164_30,WESTERN-RESERVE,network,172.27.100.164/30,ipv4
ARAMARK-WESTON-REMOTE-172.27.100.168_30,ARAMARK-WESTON,network,172.27.100.168/30,ipv4
APPRISS-REMOTE-172.27.100.172_30,APPRISS,network,172.27.100.172/30,ipv4
FREEDOM-PAY-REMOTE-172.27.100.184_29,FREEDOM-PAY,network,172.27.100.184/29,ipv4
SOLVENTUM-3M-CITRIX-EPIC-OUTBOUND-REMOTE-172.27.100.192_27,SOLVENTUM-3M-CITRIX-EPIC-OUTBOUND,network,172.27.100.192/27,ipv4
ORDR-REMOTE-172.27.100.224_28,ORDR,network,172.27.100.224/28,ipv4
APPRISS-NEVADA-REMOTE-172.27.100.240_30,APPRISS-NEVADA,network,172.27.100.240/30,ipv4
CENTERS-REMOTE-172.27.100.32_29,CENTERS,network,172.27.100.32/29,ipv4
ALPINE-UNION-REMOTE-172.27.100.48_28,ALPINE-UNION,network,172.27.100.48/28,ipv4
LAKEPOINT-REMOTE-172.27.101.0_29,LAKEPOINT,network,172.27.101.0/29,ipv4
ELEVATION-IMAGING-REMOTE-172.27.101.136_29,ELEVATION-IMAGING,network,172.27.101.136/29,ipv4
ARAMARK-EUCLID-MICROMARKET-REMOTE-172.27.101.16_30,ARAMARK-EUCLID-MICROMARKET,network,172.27.101.16/30,ipv4
CRYSTAL-CLINIC-REMOTE-172.27.101.160_27,CRYSTAL-CLINIC,network,172.27.101.160/27,ipv4
LCMC-NEW-ORLEANS-REMOTE-172.27.101.192_26,LCMC-NEW-ORLEANS,network,172.27.101.192/26,ipv4
BIOTEL-REMOTE-INR-REMOTE-172.27.101.20_30,BIOTEL-REMOTE-INR,network,172.27.101.20/30,ipv4
CARIS-REMOTE-172.27.101.24_29,CARIS,network,172.27.101.24/29,ipv4
APPRISS-REMOTE-172.27.101.64_26,APPRISS,network,172.27.101.64/26,ipv4
MATRIX-ANALYTICS-MAIN-ACL-REMOTE-172.27.102.0_24,MATRIX-ANALYTICS-MAIN-ACL,network,172.27.102.0/24,ipv4
NTG-REMOTE-172.27.103.0_24,NTG,network,172.27.103.0/24,ipv4
APPOINTMENTPASS-AWS-2020-REMOTE-172.27.104.0_23,APPOINTMENTPASS-AWS-2020,network,172.27.104.0/23,ipv4
ONTARIO-SYSTEMS-REMOTE-172.27.106.0_25,ONTARIO-SYSTEMS,network,172.27.106.0/25,ipv4
FINVI-REMOTE-172.27.106.0_26,FINVI,network,172.27.106.0/26,ipv4
PRECYSE2-REMOTE-172.27.128.16_28,PRECYSE2,network,172.27.128.16/28,ipv4
CRADLE-POINT-EVERGREEN-REMOTE-172.27.129.0_27,CRADLE-POINT-EVERGREEN,network,172.27.129.0/27,ipv4
CRADLE-POINT-CLINICAL-TRANSPORT2-REMOTE-172.27.129.160_27,CRADLE-POINT-CLINICAL-TRANSPORT2,network,172.27.129.160/27,ipv4
CRADLE-POINT-CLINICAL-TRANSPORT3-REMOTE-172.27.129.192_27,CRADLE-POINT-CLINICAL-TRANSPORT3,network,172.27.129.192/27,ipv4
CRADLE-POINT-CLINICAL-TRANSPORT4-REMOTE-172.27.129.224_27,CRADLE-POINT-CLINICAL-TRANSPORT4,network,172.27.129.224/27,ipv4
CRADLE-POINT-CLINICAL-UNIT3-REMOTE-172.27.129.64_27,CRADLE-POINT-CLINICAL-UNIT3,network,172.27.129.64/27,ipv4
CRADLE-POINT-CLINICAL-UNIT4-REMOTE-172.27.129.96_27,CRADLE-POINT-CLINICAL-UNIT4,network,172.27.129.96/27,ipv4
SCHOOL-BASED-HEALTH-VAN-3-REMOTE-172.27.130.0_27,SCHOOL-BASED-HEALTH-VAN-3,network,172.27.130.0/27,ipv4
CRADLE-POINT-CLINICAL-UNIT2-REMOTE-172.27.131.0_24,CRADLE-POINT-CLINICAL-UNIT2,network,172.27.131.0/24,ipv4
CRADLE-POINT-ELKO-NV-REMOTE-172.27.132.0_27,CRADLE-POINT-ELKO-NV,network,172.27.132.0/27,ipv4
MONTVILLE-REMOTE-172.27.16.64_28,MONTVILLE,network,172.27.16.64/28,ipv4
MEDINA-REC-REMOTE-172.27.16.80_28,MEDINA-REC,network,172.27.16.80/28,ipv4
HOS-REMOTE-172.27.16.96_28,HOS,network,172.27.16.96/28,ipv4
RINGBUS1-REMOTE-172.27.18.128_28,RINGBUS1,network,172.27.18.128/28,ipv4
RINGBUS2-REMOTE-172.27.18.144_28,RINGBUS2,network,172.27.18.144/28,ipv4
MEDINA-FIREHOUSE-REMOTE-172.27.18.16_28,MEDINA-FIREHOUSE,network,172.27.18.16/28,ipv4
ACUSTREAM-REMOTE-172.27.224.0_20,ACUSTREAM,network,172.27.224.0/20,ipv4
CRADLE-POINT-BOLTON-HOUSE-REMOTE-172.27.3.160_27,CRADLE-POINT-BOLTON-HOUSE,network,172.27.3.160/27,ipv4
KINDRED-OH-REMOTE-172.27.3.192_27,KINDRED-OH,network,172.27.3.192/27,ipv4
METRO-CARDIO-REMOTE-172.27.3.64_27,METRO-CARDIO,network,172.27.3.64/27,ipv4
DYANIA-DYANIA-OUTBOUND-REMOTE-172.27.3.96_28,DYANIA-DYANIA-OUTBOUND,network,172.27.3.96/28,ipv4
WFH-EMCH-REMOTE-172.27.30.8_29,WFH-EMCH,network,172.27.30.8/29,ipv4
MODIC-RAD-REMOTE-172.27.32.112_28,MODIC-RAD,network,172.27.32.112/28,ipv4
WAUKESHA-WI-REMOTE-172.27.32.128_28,WAUKESHA-WI,network,172.27.32.128/28,ipv4
ERAD-WARREN-REMOTE-172.27.32.144_28,ERAD-WARREN,network,172.27.32.144/28,ipv4
SINGER-REMOTE-172.27.32.16_28,SINGER,network,172.27.32.16/28,ipv4
SBHC-REMOTE-172.27.32.160_27,SBHC,network,172.27.32.160/27,ipv4
ERAD-ITCONSULT-REMOTE-172.27.32.224_28,ERAD-ITCONSULT,network,172.27.32.224/28,ipv4
STROKEAMBUL-REMOTE-172.27.32.240_28,STROKEAMBUL,network,172.27.32.240/28,ipv4
RICHFIELD-WI-REMOTE-172.27.32.32_28,RICHFIELD-WI,network,172.27.32.32/28,ipv4
PORT-HURON-MI-REMOTE-172.27.32.48_28,PORT-HURON-MI,network,172.27.32.48/28,ipv4
SCHAUMBERG-IL-REMOTE-172.27.32.64_28,SCHAUMBERG-IL,network,172.27.32.64/28,ipv4
ERAD_MERILLVILLE-REMOTE-172.27.32.96_28,ERAD_MERILLVILLE,network,172.27.32.96/28,ipv4
LOCKWOOD-REMOTE-172.27.33.0_28,LOCKWOOD,network,172.27.33.0/28,ipv4
PARADISE-RAD-REMOTE-172.27.33.112_28,PARADISE-RAD,network,172.27.33.112/28,ipv4
NH-DENVER-T1-REMOTE-172.27.33.144_28,NH-DENVER-T1,network,172.27.33.144/28,ipv4
PARS-REMOTE-172.27.33.16_28,PARS,network,172.27.33.16/28,ipv4
ERAD-BELPRE-REMOTE-172.27.33.160_28,ERAD-BELPRE,network,172.27.33.160/28,ipv4
YORK3-PA-REMOTE-172.27.33.176_28,YORK3-PA,network,172.27.33.176/28,ipv4
EMCH-RAD-REMOTE-172.27.33.224_28,EMCH-RAD,network,172.27.33.224/28,ipv4
CHAN-NIGHTHAWK-REMOTE-172.27.33.32_28,CHAN-NIGHTHAWK,network,172.27.33.32/28,ipv4
RAD-COLE-REMOTE-172.27.33.48_28,RAD-COLE,network,172.27.33.48/28,ipv4
TENNESSEE-NIGHTHAWK-REMOTE-172.27.33.80_28,TENNESSEE-NIGHTHAWK,network,172.27.33.80/28,ipv4
ERAD-BOARDMAN2-REMOTE-172.27.33.96_28,ERAD-BOARDMAN2,network,172.27.33.96/28,ipv4
DALZELL-REMOTE-172.27.34.112_28,DALZELL,network,172.27.34.112/28,ipv4
STULTZ-RAD-REMOTE-172.27.34.128_28,STULTZ-RAD,network,172.27.34.128/28,ipv4
WIESSMAN-REMOTE-172.27.34.144_28,WIESSMAN,network,172.27.34.144/28,ipv4
BROWN-REMOTE-172.27.34.16_28,BROWN,network,172.27.34.16/28,ipv4
LOCKWOOD-RAD-REMOTE-172.27.34.160_28,LOCKWOOD-RAD,network,172.27.34.160/28,ipv4
WONG-RAD-REMOTE-172.27.34.240_28,WONG-RAD,network,172.27.34.240/28,ipv4
SYVERTSON-REMOTE-172.27.34.32_28,SYVERTSON,network,172.27.34.32/28,ipv4
LEVITAN-REMOTE-172.27.34.48_28,LEVITAN,network,172.27.34.48/28,ipv4
ERAD-WEST-MILWAUKEE-REMOTE-172.27.35.112_28,ERAD-WEST-MILWAUKEE,network,172.27.35.112/28,ipv4
STAR-DUBLIN-REMOTE-172.27.35.128_28,STAR-DUBLIN,network,172.27.35.128/28,ipv4
CHICAGO-IL-REMOTE-172.27.35.144_28,CHICAGO-IL,network,172.27.35.144/28,ipv4
HILL-RAD-REMOTE-172.27.35.16_28,HILL-RAD,network,172.27.35.16/28,ipv4
ERAD-BUFFALO-MEDICAL-REMOTE-172.27.35.160_28,ERAD-BUFFALO-MEDICAL,network,172.27.35.160/28,ipv4
WESTON-201-REMOTE-172.27.35.176_28,WESTON-201,network,172.27.35.176/28,ipv4
WESTON-ERAD-REMOTE-172.27.35.192_28,WESTON-ERAD,network,172.27.35.192/28,ipv4
WESTON-223-REMOTE-172.27.35.208_28,WESTON-223,network,172.27.35.208/28,ipv4
STATSEVYCH-RAD-REMOTE-172.27.35.224_28,STATSEVYCH-RAD,network,172.27.35.224/28,ipv4
RUGGIERI-RAD-REMOTE-172.27.35.240_28,RUGGIERI-RAD,network,172.27.35.240/28,ipv4
MARTINEZ-RAD-REMOTE-172.27.35.32_28,MARTINEZ-RAD,network,172.27.35.32/28,ipv4
MOON-RAD-REMOTE-172.27.35.48_28,MOON-RAD,network,172.27.35.48/28,ipv4
APPLETON-WI-REMOTE-172.27.35.64_28,APPLETON-WI,network,172.27.35.64/28,ipv4
MASOOD-RAD-REMOTE-172.27.35.80_28,MASOOD-RAD,network,172.27.35.80/28,ipv4
ERAD-GREENBAY-REMOTE-172.27.35.96_28,ERAD-GREENBAY,network,172.27.35.96/28,ipv4
DREYFUSS-REMOTE-172.27.36.0_28,DREYFUSS,network,172.27.36.0/28,ipv4
PREMIERPHYS-REMOTE-172.27.36.16_28,PREMIERPHYS,network,172.27.36.16/28,ipv4
DATAGATE-PROD-QUEENS-HEALTH-SYSTEM-REMOTE-172.27.36.192_28,DATAGATE-PROD-QUEENS-HEALTH-SYSTEM,network,172.27.36.192/28,ipv4
MIKKILINENI-RAD-REMOTE-172.27.36.224_28,MIKKILINENI-RAD,network,172.27.36.224/28,ipv4
KOPLAS-RAD-REMOTE-172.27.36.240_28,KOPLAS-RAD,network,172.27.36.240/28,ipv4
CARLSON-RAD-REMOTE-172.27.37.112_28,CARLSON-RAD,network,172.27.37.112/28,ipv4
FAKIR-RAD-REMOTE-172.27.37.128_28,FAKIR-RAD,network,172.27.37.128/28,ipv4
ROBERTS-RAD-REMOTE-172.27.37.16_28,ROBERTS-RAD,network,172.27.37.16/28,ipv4
LOMBARD-IL-REMOTE-172.27.37.176_28,LOMBARD-IL,network,172.27.37.176/28,ipv4
OSWEGO-IL-REMOTE-172.27.37.192_28,OSWEGO-IL,network,172.27.37.192/28,ipv4
BOLINGBROOK-IL-REMOTE-172.27.37.208_28,BOLINGBROOK-IL,network,172.27.37.208/28,ipv4
DEARING-RAD-REMOTE-172.27.37.224_28,DEARING-RAD,network,172.27.37.224/28,ipv4
LARVIE-RAD-REMOTE-172.27.37.240_28,LARVIE-RAD,network,172.27.37.240/28,ipv4
KARAKASIS-RAD-REMOTE-172.27.37.48_28,KARAKASIS-RAD,network,172.27.37.48/28,ipv4
LEE-RAD-REMOTE-172.27.37.64_28,LEE-RAD,network,172.27.37.64/28,ipv4
TSAY-RAD-REMOTE-172.27.37.80_28,TSAY-RAD,network,172.27.37.80/28,ipv4
IMGTEST-VENDOR-RAD-REMOTE-172.27.38.0_29,IMGTEST-VENDOR-RAD,network,172.27.38.0/29,ipv4
ERAD-HARKEY-NILES-REMOTE-172.27.38.112_28,ERAD-HARKEY-NILES,network,172.27.38.112/28,ipv4
E-RAD-CONCORD-IMAGING-REMOTE-172.27.38.128_27,E-RAD-CONCORD-IMAGING,network,172.27.38.128/27,ipv4
ERAD-KENNY-OH-REMOTE-172.27.38.160_27,ERAD-KENNY-OH,network,172.27.38.160/27,ipv4
ERAD-YORK2-REMOTE-172.27.38.192_27,ERAD-YORK2,network,172.27.38.192/27,ipv4
ERAD-YORK2-REMOTE-172.27.38.224_27,ERAD-YORK2,network,172.27.38.224/27,ipv4
ERAD-JASON-WAY-REMOTE-172.27.38.32_27,ERAD-JASON-WAY,network,172.27.38.32/27,ipv4
ERAD-JASON-WAY-REMOTE-172.27.38.64_27,ERAD-JASON-WAY,network,172.27.38.64/27,ipv4
HARKEY-CANFIELD-RAD-REMOTE-172.27.38.96_28,HARKEY-CANFIELD-RAD,network,172.27.38.96/28,ipv4
DAYTON-OH-REMOTE-172.27.39.160_27,DAYTON-OH,network,172.27.39.160/27,ipv4
E-RAD-BELDIN-IMAGING-REMOTE-172.27.39.32_27,E-RAD-BELDIN-IMAGING,network,172.27.39.32/27,ipv4
ERAD-RAMIC-COLUMBUS-REMOTE-172.27.39.64_27,ERAD-RAMIC-COLUMBUS,network,172.27.39.64/27,ipv4
BAYESIAN-PROD-REMOTE-172.27.4.128_28,BAYESIAN-PROD,network,172.27.4.128/28,ipv4
BAYESIAN-TEST-REMOTE-172.27.4.144_28,BAYESIAN-TEST,network,172.27.4.144/28,ipv4
MEDUIT-REMOTE-172.27.4.160_28,MEDUIT,network,172.27.4.160/28,ipv4
ALADDINS-REMOTE-172.27.4.48_28,ALADDINS,network,172.27.4.48/28,ipv4
CLEARSENSE-REMOTE-172.27.4.64_28,CLEARSENSE,network,172.27.4.64/28,ipv4
BIOTEL-CARDIONET-REMOTE-172.27.4.80_29,BIOTEL-CARDIONET,network,172.27.4.80/29,ipv4
RIGNEY-DOLPHIN-CLE-REMOTE-172.27.4.88_29,RIGNEY-DOLPHIN-CLE,network,172.27.4.88/29,ipv4
OPEN-PM-AWS-REMOTE-172.27.4.96_28,OPEN-PM-AWS,network,172.27.4.96/28,ipv4
ERIE-OBGYN-REMOTE-172.27.40.128_27,ERIE-OBGYN,network,172.27.40.128/27,ipv4
VERNON-HILLS-IL-REMOTE-172.27.44.0_28,VERNON-HILLS-IL,network,172.27.44.0/28,ipv4
EDEN-PRAIRIE-MN-REMOTE-172.27.44.16_28,EDEN-PRAIRIE-MN,network,172.27.44.16/28,ipv4
DAILEY-RAD-REMOTE-172.27.44.32_28,DAILEY-RAD,network,172.27.44.32/28,ipv4
STOCK-RAD-REMOTE-172.27.44.80_28,STOCK-RAD,network,172.27.44.80/28,ipv4
ERAD-BOARDMAN-REMOTE-172.27.45.0_26,ERAD-BOARDMAN,network,172.27.45.0/26,ipv4
ERAD_NILES2-REMOTE-172.27.45.64_26,ERAD_NILES2,network,172.27.45.64/26,ipv4
OCS-MANSFIELD-REMOTE-172.27.55.0_24,OCS-MANSFIELD,network,172.27.55.0/24,ipv4
OCS-MANSFIELD-REMOTE-172.27.56.0_24,OCS-MANSFIELD,network,172.27.56.0/24,ipv4
OCS-MANSFIELD-REMOTE-172.27.57.0_24,OCS-MANSFIELD,network,172.27.57.0/24,ipv4
OCS-MANSFIELD-REMOTE-172.27.58.0_24,OCS-MANSFIELD,network,172.27.58.0/24,ipv4
OCS-MANSFIELD-REMOTE-172.27.59.0_24,OCS-MANSFIELD,network,172.27.59.0/24,ipv4
OCS-MANSFIELD-REMOTE-172.27.60.0_24,OCS-MANSFIELD,network,172.27.60.0/24,ipv4
TORONTO-ELLESEMERE-REMOTE-172.27.64.144_28,TORONTO-ELLESEMERE,network,172.27.64.144/28,ipv4
NETENGFAINI-REMOTE-172.27.64.160_28,NETENGFAINI,network,172.27.64.160/28,ipv4
NETENG-RJG-REMOTE-172.27.64.176_28,NETENG-RJG,network,172.27.64.176/28,ipv4
NETENGBROOKS-REMOTE-172.27.64.208_28,NETENGBROOKS,network,172.27.64.208/28,ipv4
TORONTO-ELLESEMERE-REMOTE-172.27.64.32_28,TORONTO-ELLESEMERE,network,172.27.64.32/28,ipv4
WOOSTERCOLLEGE-REMOTE-172.27.64.48_28,WOOSTERCOLLEGE,network,172.27.64.48/28,ipv4
ELKO-REMOTE-172.27.64.96_28,ELKO,network,172.27.64.96/28,ipv4
INDIAN-RIVER-REMOTE-172.27.98.0_24,INDIAN-RIVER,network,172.27.98.0/24,ipv4
UNION-HOSPITAL-REMOTE-172.27.99.0_24,UNION-HOSPITAL,network,172.27.99.0/24,ipv4
EHI-MPC-REMOTE-192.100.1.0_24,EHI-MPC,network,192.100.1.0/24,ipv4
PER-SE-REMOTE-192.154.44.0_24,PER-SE,network,192.154.44.0/24,ipv4
LABEL-PRINT-SELECT-MEDICAL-REMOTE-192.168.134.0_24,LABEL-PRINT-SELECT-MEDICAL,network,192.168.134.0/24,ipv4
SELECT-MEDICAL-REMOTE-192.168.193.232_30,SELECT-MEDICAL,network,192.168.193.232/30,ipv4
RSOURCE-REMOTE-192.168.238.0_24,RSOURCE,network,192.168.238.0/24,ipv4
SELECT-MEDICAL-REMOTE-192.168.253.0_24,SELECT-MEDICAL,network,192.168.253.0/24,ipv4
CAREPORT-WELLSKY-REMOTE-192.31.125.16_28,CAREPORT-WELLSKY,network,192.31.125.16/28,ipv4
MEADVILLE-REMOTE-192.40.68.0_24,MEADVILLE,network,192.40.68.0/24,ipv4
PHILLIPS__ACL-REMOTE-192.68.48.0_22,PHILLIPS__ACL,network,192.68.48.0/22,ipv4
PHILLIPS-REMOTE-192.68.49.0_24,PHILLIPS,network,192.68.49.0/24,ipv4
ARUP-REMOTE-192.69.2.32_29,ARUP,network,192.69.2.32/29,ipv4
ATLAS-3-REMOTE-198.133.87.240_30,ATLAS-3,network,198.133.87.240/30,ipv4
OSI-REMOTE-198.153.237.0_24,OSI,network,198.153.237.0/24,ipv4
DATAGATE-PROD-NOVARAD-ACL-REMOTE-198.246.27.208_28,DATAGATE-PROD-NOVARAD-ACL,network,198.246.27.208/28,ipv4
NUWAVE-ASHBURN-REMOTE-204.10.92.0_24,NUWAVE-ASHBURN,network,204.10.92.0/24,ipv4
MCKESSONCAREBRIDGE-REMOTE-204.153.216.0_23,MCKESSONCAREBRIDGE,network,204.153.216.0/23,ipv4
AMTELCO-REMOTE-204.27.231.144_28,AMTELCO,network,204.27.231.144/28,ipv4
BLACKBOX-REMOTE-204.29.244.0_24,BLACKBOX,network,204.29.244.0/24,ipv4
BLACKBOX-REMOTE-204.29.248.0_24,BLACKBOX,network,204.29.248.0/24,ipv4
PHILIPS-BIOTEL-REMOTE-204.68.184.224_27,PHILIPS-BIOTEL,network,204.68.184.224/27,ipv4
DATAGATE-PROD-AMERICAN-WELL-REMOTE-207.211.42.0_24,DATAGATE-PROD-AMERICAN-WELL,network,207.211.42.0/24,ipv4
EDSI-NAT-REMOTE-207.89.36.184_29,EDSI-NAT,network,207.89.36.184/29,ipv4
TEAMHEALTH-ALL-REMOTE-208.84.217.0_24,TEAMHEALTH-ALL,network,208.84.217.0/24,ipv4
IBM-MSS-REMOTE-209.134.180.0_22,IBM-MSS,network,209.134.180.0/22,ipv4
IBM-MSS-REMOTE-209.134.180.0_23,IBM-MSS,network,209.134.180.0/23,ipv4
IBM-MSS-REMOTE-209.134.182.0_23,IBM-MSS,network,209.134.182.0/23,ipv4
IBM-MSS-REMOTE-209.134.184.0_22,IBM-MSS,network,209.134.184.0/22,ipv4
IBM-MSS-REMOTE-209.134.184.0_23,IBM-MSS,network,209.134.184.0/23,ipv4
IBM-MSS-REMOTE-209.134.186.0_23,IBM-MSS,network,209.134.186.0/23,ipv4
IBM-MSS-REMOTE-209.134.188.0_22,IBM-MSS,network,209.134.188.0/22,ipv4
IBM-MSS-REMOTE-209.134.188.0_23,IBM-MSS,network,209.134.188.0/23,ipv4
IBM-MSS-REMOTE-209.134.190.0_23,IBM-MSS,network,209.134.190.0/23,ipv4
AKRON-REMOTE-209.57.32.144_29,AKRON,network,209.57.32.144/29,ipv4
FIS-WRFCU-ACL-REMOTE-216.189.224.0_22,FIS-WRFCU-ACL,network,216.189.224.0/22,ipv4
ECIN-ACL-REMOTE-216.203.39.96_28,ECIN-ACL,network,216.203.39.96/28,ipv4
ABILITY-REMOTE-32.91.198.116_31,ABILITY,network,32.91.198.116/31,ipv4
SOUND-PHYSICIANS-2022-REMOTE-4.79.112.248_29,SOUND-PHYSICIANS-2022,network,4.79.112.248/29,ipv4
LILLY-REMOTE-40.0.0.0_10,LILLY,network,40.0.0.0/10,ipv4
LILLY-REMOTE-40.144.0.0_12,LILLY,network,40.144.0.0/12,ipv4
LILLY-REMOTE-40.160.0.0_11,LILLY,network,40.160.0.0/11,ipv4
LILLY-REMOTE-40.192.0.0_10,LILLY,network,40.192.0.0/10,ipv4
ORPHEUS-REMOTE-40.71.85.0_24,ORPHEUS,network,40.71.85.0/24,ipv4
AMERIH2-REMOTE-63.236.11.128_26,AMERIH2,network,63.236.11.128/26,ipv4
RIBBON-REMOTE-64.129.37.176_28,RIBBON,network,64.129.37.176/28,ipv4
JPRS-REMOTE-65.105.255.176_28,JPRS,network,65.105.255.176/28,ipv4
ANTARES-REMOTE-66.111.18.0_24,ANTARES,network,66.111.18.0/24,ipv4
SRHS-REMOTE-66.211.204.0_24,SRHS,network,66.211.204.0/24,ipv4
DATAGATE-PROD-HUMEDICA-REMOTE-70.42.58.192_26,DATAGATE-PROD-HUMEDICA,network,70.42.58.192/26,ipv4
NUWAVE-LV-REMOTE-74.119.9.0_24,NUWAVE-LV,network,74.119.9.0/24,ipv4
APPOINTMENTPASS-PROD-REMOTE-8.0.1.0_24,APPOINTMENTPASS-PROD,network,8.0.1.0/24,ipv4
BAXTER-REMOTE-98.110.147.16_29,BAXTER,network,98.110.147.16/29,ipv4
